wt_control_id,replicate,seed,total_score,dG_separated,cross_interface_energy,interface_fa_atr,interface_fa_rep,vhh_contact_count,receptor_epitope_count,vhh_contact_retention,receptor_epitope_retention,interface_ca_rmsd,minimum_interchain_distance,vhh_contact_auth_positions,receptor_contact_auth_positions,mapping_pass,breaks_pass,disulfide_pass,finite_metrics,status,sequence_index_1based,mutation_pose_index,mutation_neighborhood_pose_indices,combined_movable_pose_indices,combined_movable_residue_count
Nb252_WT_pos001_rep01_seed8162101,1,8162101,417.9172965817303,-73.45780344355694,-96.31822442961719,-120.84500398541194,16.352803878615806,24,37,0.9166666666666666,0.8918918918918919,0.04406690685276824,2.314797009734275,33;37;45;47;50;53;58;98;100;102;103;104;105;106;107;108;109;110;111;112;113;114;115;116,33;40;44;82;86;89;90;93;96;97;98;99;101;102;105;106;109;110;172;174;177;178;179;180;181;182;269;277;278;279;290;293;294;297;298;301;302,True,True,True,True,pass,1,1,1;2;3;4;101;102;103,1;2;3;4;17;18;19;20;21;22;23;24;25;26;31;32;33;34;35;36;37;38;39;40;41;42;43;44;45;46;60;81;82;83;84;85;86;87;88;89;90;91;92;93;94;95;96;97;98;99;100;101;102;103;104;105;116;117;118;119;120;121;122;123;124;125;126;127;128;129;130;131;133;165;168;169;170;171;172;173;174;175;176;177;178;179;180;181;182;183;184;185;186;187;188;189;190;191;192;193;194;195;196;197;198;199;252;256;257;258;259;260;261;262;263;264;265;266;267;268;269;341;344;349;351;352;353;354;355;356;357;358;361;364;365;366;367;368;369;370;371;372;373;374;375;376;377,147
Nb252_WT_pos001_rep02_seed8162102,2,8162102,417.9172965817303,-74.0061973338236,-96.31822442961719,-120.84500398541194,16.352803878615806,24,37,0.9166666666666666,0.8918918918918919,0.04406690685276824,2.314797009734275,33;37;45;47;50;53;58;98;100;102;103;104;105;106;107;108;109;110;111;112;113;114;115;116,33;40;44;82;86;89;90;93;96;97;98;99;101;102;105;106;109;110;172;174;177;178;179;180;181;182;269;277;278;279;290;293;294;297;298;301;302,True,True,True,True,pass,1,1,1;2;3;4;101;102;103,1;2;3;4;17;18;19;20;21;22;23;24;25;26;31;32;33;34;35;36;37;38;39;40;41;42;43;44;45;46;60;81;82;83;84;85;86;87;88;89;90;91;92;93;94;95;96;97;98;99;100;101;102;103;104;105;116;117;118;119;120;121;122;123;124;125;126;127;128;129;130;131;133;165;168;169;170;171;172;173;174;175;176;177;178;179;180;181;182;183;184;185;186;187;188;189;190;191;192;193;194;195;196;197;198;199;252;256;257;258;259;260;261;262;263;264;265;266;267;268;269;341;344;349;351;352;353;354;355;356;357;358;361;364;365;366;367;368;369;370;371;372;373;374;375;376;377,147
Nb252_WT_pos001_rep03_seed8162103,3,8162103,417.9172965817303,-74.54740417482628,-96.31822442961719,-120.84500398541194,16.352803878615806,24,37,0.9166666666666666,0.8918918918918919,0.04406690685276824,2.314797009734275,33;37;45;47;50;53;58;98;100;102;103;104;105;106;107;108;109;110;111;112;113;114;115;116,33;40;44;82;86;89;90;93;96;97;98;99;101;102;105;106;109;110;172;174;177;178;179;180;181;182;269;277;278;279;290;293;294;297;298;301;302,True,True,True,True,pass,1,1,1;2;3;4;101;102;103,1;2;3;4;17;18;19;20;21;22;23;24;25;26;31;32;33;34;35;36;37;38;39;40;41;42;43;44;45;46;60;81;82;83;84;85;86;87;88;89;90;91;92;93;94;95;96;97;98;99;100;101;102;103;104;105;116;117;118;119;120;121;122;123;124;125;126;127;128;129;130;131;133;165;168;169;170;171;172;173;174;175;176;177;178;179;180;181;182;183;184;185;186;187;188;189;190;191;192;193;194;195;196;197;198;199;252;256;257;258;259;260;261;262;263;264;265;266;267;268;269;341;344;349;351;352;353;354;355;356;357;358;361;364;365;366;367;368;369;370;371;372;373;374;375;376;377,147
Nb252_WT_pos005_rep01_seed8162501,1,8162501,380.23178079305205,-74.43318973949192,-96.19787679366206,-120.90972209425718,16.367221636059615,24,37,0.9166666666666666,0.8918918918918919,0.04461789000101165,2.308881447614712,33;37;45;47;50;53;58;98;100;102;103;104;105;106;107;108;109;110;111;112;113;114;115;116,33;40;44;82;86;89;90;93;96;97;98;99;101;102;105;106;109;110;172;174;177;178;179;180;181;182;269;277;278;279;290;293;294;297;298;301;302,True,True,True,True,pass,5,5,2;3;4;5;6;7;8;14;15;16;17;81;82;83;103;104;105;106,1;2;3;4;5;6;7;8;14;15;16;17;18;19;20;21;22;23;24;25;26;31;32;33;34;35;36;37;38;39;40;41;42;43;44;45;46;60;81;82;83;84;85;86;87;88;89;90;91;92;93;94;95;96;97;98;99;100;101;102;103;104;105;106;116;117;118;119;120;121;122;123;124;125;126;127;128;129;130;131;133;165;168;169;170;171;172;173;174;175;176;177;178;179;180;181;182;183;184;185;186;187;188;189;190;191;192;193;194;195;196;197;198;199;252;256;257;258;259;260;261;262;263;264;265;266;267;268;269;341;344;349;351;352;353;354;355;356;357;358;361;364;365;366;367;368;369;370;371;372;373;374;375;376;377,155
Nb252_WT_pos005_rep02_seed8162502,2,8162502,380.7890796096442,-74.30182307209566,-96.01952842458351,-120.82597239031254,16.41473136244037,24,37,0.9166666666666666,0.8918918918918919,0.04412963590691452,2.3098619878202156,33;37;45;47;50;53;58;98;100;102;103;104;105;106;107;108;109;110;111;112;113;114;115;116,33;40;44;82;86;89;90;93;96;97;98;99;101;102;105;106;109;110;172;174;177;178;179;180;181;182;269;277;278;279;290;293;294;297;298;301;302,True,True,True,True,pass,5,5,2;3;4;5;6;7;8;14;15;16;17;81;82;83;103;104;105;106,1;2;3;4;5;6;7;8;14;15;16;17;18;19;20;21;22;23;24;25;26;31;32;33;34;35;36;37;38;39;40;41;42;43;44;45;46;60;81;82;83;84;85;86;87;88;89;90;91;92;93;94;95;96;97;98;99;100;101;102;103;104;105;106;116;117;118;119;120;121;122;123;124;125;126;127;128;129;130;131;133;165;168;169;170;171;172;173;174;175;176;177;178;179;180;181;182;183;184;185;186;187;188;189;190;191;192;193;194;195;196;197;198;199;252;256;257;258;259;260;261;262;263;264;265;266;267;268;269;341;344;349;351;352;353;354;355;356;357;358;361;364;365;366;367;368;369;370;371;372;373;374;375;376;377,155
Nb252_WT_pos005_rep03_seed8162503,3,8162503,380.23178079305205,-74.00437150550067,-96.19787679366206,-120.90972209425718,16.367221636059615,24,37,0.9166666666666666,0.8918918918918919,0.04461789000101165,2.308881447614712,33;37;45;47;50;53;58;98;100;102;103;104;105;106;107;108;109;110;111;112;113;114;115;116,33;40;44;82;86;89;90;93;96;97;98;99;101;102;105;106;109;110;172;174;177;178;179;180;181;182;269;277;278;279;290;293;294;297;298;301;302,True,True,True,True,pass,5,5,2;3;4;5;6;7;8;14;15;16;17;81;82;83;103;104;105;106,1;2;3;4;5;6;7;8;14;15;16;17;18;19;20;21;22;23;24;25;26;31;32;33;34;35;36;37;38;39;40;41;42;43;44;45;46;60;81;82;83;84;85;86;87;88;89;90;91;92;93;94;95;96;97;98;99;100;101;102;103;104;105;106;116;117;118;119;120;121;122;123;124;125;126;127;128;129;130;131;133;165;168;169;170;171;172;173;174;175;176;177;178;179;180;181;182;183;184;185;186;187;188;189;190;191;192;193;194;195;196;197;198;199;252;256;257;258;259;260;261;262;263;264;265;266;267;268;269;341;344;349;351;352;353;354;355;356;357;358;361;364;365;366;367;368;369;370;371;372;373;374;375;376;377,155
Nb252_WT_pos023_rep01_seed8164301,1,8164301,366.78607017817285,-72.1638449945641,-95.38463150057385,-121.00731149252715,16.89123680451256,24,38,0.9166666666666666,0.918918918918919,0.04368308538628535,2.3005107159668663,33;37;45;47;50;53;58;98;100;102;103;104;105;106;107;108;109;110;111;112;113;114;115;116,33;37;40;44;82;86;89;90;93;96;97;98;99;101;102;105;106;109;110;172;174;177;178;179;180;181;182;269;277;278;279;290;293;294;297;298;301;302,True,True,True,True,pass,23,16,2;3;4;5;6;7;8;13;14;15;16;17;62;63;64;65,1;2;3;4;5;6;7;8;13;14;15;16;17;18;19;20;21;22;23;24;25;26;31;32;33;34;35;36;37;38;39;40;41;42;43;44;45;46;60;62;63;64;65;81;82;83;84;85;86;87;88;89;90;91;92;93;94;95;96;97;98;99;100;101;102;103;104;105;116;117;118;119;120;121;122;123;124;125;126;127;128;129;130;131;133;165;168;169;170;171;172;173;174;175;176;177;178;179;180;181;182;183;184;185;186;187;188;189;190;191;192;193;194;195;196;197;198;199;252;256;257;258;259;260;261;262;263;264;265;266;267;268;269;341;344;349;351;352;353;354;355;356;357;358;361;364;365;366;367;368;369;370;371;372;373;374;375;376;377,159
Nb252_WT_pos023_rep02_seed8164302,2,8164302,366.78607017817285,-73.52689480111741,-95.38463150057385,-121.00731149252715,16.89123680451256,24,38,0.9166666666666666,0.918918918918919,0.04368308538628535,2.3005107159668663,33;37;45;47;50;53;58;98;100;102;103;104;105;106;107;108;109;110;111;112;113;114;115;116,33;37;40;44;82;86;89;90;93;96;97;98;99;101;102;105;106;109;110;172;174;177;178;179;180;181;182;269;277;278;279;290;293;294;297;298;301;302,True,True,True,True,pass,23,16,2;3;4;5;6;7;8;13;14;15;16;17;62;63;64;65,1;2;3;4;5;6;7;8;13;14;15;16;17;18;19;20;21;22;23;24;25;26;31;32;33;34;35;36;37;38;39;40;41;42;43;44;45;46;60;62;63;64;65;81;82;83;84;85;86;87;88;89;90;91;92;93;94;95;96;97;98;99;100;101;102;103;104;105;116;117;118;119;120;121;122;123;124;125;126;127;128;129;130;131;133;165;168;169;170;171;172;173;174;175;176;177;178;179;180;181;182;183;184;185;186;187;188;189;190;191;192;193;194;195;196;197;198;199;252;256;257;258;259;260;261;262;263;264;265;266;267;268;269;341;344;349;351;352;353;354;355;356;357;358;361;364;365;366;367;368;369;370;371;372;373;374;375;376;377,159
Nb252_WT_pos023_rep03_seed8164303,3,8164303,365.7747319701428,-73.57045322211133,-95.72577258652417,-120.97808749606423,16.733129574674884,24,37,0.9166666666666666,0.8918918918918919,0.04378934015180715,2.3011776057882454,33;37;45;47;50;53;58;98;100;102;103;104;105;106;107;108;109;110;111;112;113;114;115;116,33;40;44;82;86;89;90;93;96;97;98;99;101;102;105;106;109;110;172;174;177;178;179;180;181;182;269;277;278;279;290;293;294;297;298;301;302,True,True,True,True,pass,23,16,2;3;4;5;6;7;8;13;14;15;16;17;62;63;64;65,1;2;3;4;5;6;7;8;13;14;15;16;17;18;19;20;21;22;23;24;25;26;31;32;33;34;35;36;37;38;39;40;41;42;43;44;45;46;60;62;63;64;65;81;82;83;84;85;86;87;88;89;90;91;92;93;94;95;96;97;98;99;100;101;102;103;104;105;116;117;118;119;120;121;122;123;124;125;126;127;128;129;130;131;133;165;168;169;170;171;172;173;174;175;176;177;178;179;180;181;182;183;184;185;186;187;188;189;190;191;192;193;194;195;196;197;198;199;252;256;257;258;259;260;261;262;263;264;265;266;267;268;269;341;344;349;351;352;353;354;355;356;357;358;361;364;365;366;367;368;369;370;371;372;373;374;375;376;377,159
Nb252_WT_pos030_rep01_seed8165001,1,8165001,417.46801573166,-72.6698958041415,-96.10472321407042,-121.10414548609177,16.65262269002817,24,37,0.9166666666666666,0.8918918918918919,0.04435818307787592,2.3130476842057144,33;37;45;47;50;53;58;98;100;102;103;104;105;106;107;108;109;110;111;112;113;114;115;116,33;40;44;82;86;89;90;93;96;97;98;99;101;102;105;106;109;110;172;174;177;178;179;180;181;182;269;277;278;279;290;293;294;297;298;301;302,True,True,True,True,pass,30,17,16;17;18;19;20;39;40;41;59;60;61;117;118;119,1;2;4;16;17;18;19;20;21;22;23;24;25;26;31;32;33;34;35;36;37;38;39;40;41;42;43;44;45;46;59;60;61;81;82;83;84;85;86;87;88;89;90;91;92;93;94;95;96;97;98;99;100;101;102;103;104;105;116;117;118;119;120;121;122;123;124;125;126;127;128;129;130;131;133;165;168;169;170;171;172;173;174;175;176;177;178;179;180;181;182;183;184;185;186;187;188;189;190;191;192;193;194;195;196;197;198;199;252;256;257;258;259;260;261;262;263;264;265;266;267;268;269;341;344;349;351;352;353;354;355;356;357;358;361;364;365;366;367;368;369;370;371;372;373;374;375;376;377,149
Nb252_WT_pos030_rep02_seed8165002,2,8165002,417.46801573166,-74.08660170859844,-96.10472321407042,-121.10414548609177,16.65262269002817,24,37,0.9166666666666666,0.8918918918918919,0.04435818307787592,2.3130476842057144,33;37;45;47;50;53;58;98;100;102;103;104;105;106;107;108;109;110;111;112;113;114;115;116,33;40;44;82;86;89;90;93;96;97;98;99;101;102;105;106;109;110;172;174;177;178;179;180;181;182;269;277;278;279;290;293;294;297;298;301;302,True,True,True,True,pass,30,17,16;17;18;19;20;39;40;41;59;60;61;117;118;119,1;2;4;16;17;18;19;20;21;22;23;24;25;26;31;32;33;34;35;36;37;38;39;40;41;42;43;44;45;46;59;60;61;81;82;83;84;85;86;87;88;89;90;91;92;93;94;95;96;97;98;99;100;101;102;103;104;105;116;117;118;119;120;121;122;123;124;125;126;127;128;129;130;131;133;165;168;169;170;171;172;173;174;175;176;177;178;179;180;181;182;183;184;185;186;187;188;189;190;191;192;193;194;195;196;197;198;199;252;256;257;258;259;260;261;262;263;264;265;266;267;268;269;341;344;349;351;352;353;354;355;356;357;358;361;364;365;366;367;368;369;370;371;372;373;374;375;376;377,149
Nb252_WT_pos030_rep03_seed8165003,3,8165003,417.46801573166,-74.08660170859844,-96.10472321407042,-121.10414548609177,16.65262269002817,24,37,0.9166666666666666,0.8918918918918919,0.04435818307787592,2.3130476842057144,33;37;45;47;50;53;58;98;100;102;103;104;105;106;107;108;109;110;111;112;113;114;115;116,33;40;44;82;86;89;90;93;96;97;98;99;101;102;105;106;109;110;172;174;177;178;179;180;181;182;269;277;278;279;290;293;294;297;298;301;302,True,True,True,True,pass,30,17,16;17;18;19;20;39;40;41;59;60;61;117;118;119,1;2;4;16;17;18;19;20;21;22;23;24;25;26;31;32;33;34;35;36;37;38;39;40;41;42;43;44;45;46;59;60;61;81;82;83;84;85;86;87;88;89;90;91;92;93;94;95;96;97;98;99;100;101;102;103;104;105;116;117;118;119;120;121;122;123;124;125;126;127;128;129;130;131;133;165;168;169;170;171;172;173;174;175;176;177;178;179;180;181;182;183;184;185;186;187;188;189;190;191;192;193;194;195;196;197;198;199;252;256;257;258;259;260;261;262;263;264;265;266;267;268;269;341;344;349;351;352;353;354;355;356;357;358;361;364;365;366;367;368;369;370;371;372;373;374;375;376;377,149
Nb252_WT_pos055_rep01_seed8167501,1,8167501,400.6090955428358,-74.59070386405693,-96.46008565479202,-120.79480934744073,16.122162524591765,24,37,0.9166666666666666,0.8918918918918919,0.04606389054757491,2.3168016886773164,33;37;45;47;50;53;58;98;100;102;103;104;105;106;107;108;109;110;111;112;113;114;115;116,33;40;44;82;86;89;90;93;96;97;98;99;101;102;105;106;109;110;172;174;177;178;179;180;181;182;269;277;278;279;290;293;294;297;298;301;302,True,True,True,True,pass,55,42,37;38;39;40;41;42;43;44;45;57;58;59,1;2;4;17;18;19;20;21;22;23;24;25;26;31;32;33;34;35;36;37;38;39;40;41;42;43;44;45;46;57;58;59;60;81;82;83;84;85;86;87;88;89;90;91;92;93;94;95;96;97;98;99;100;101;102;103;104;105;116;117;118;119;120;121;122;123;124;125;126;127;128;129;130;131;133;165;168;169;170;171;172;173;174;175;176;177;178;179;180;181;182;183;184;185;186;187;188;189;190;191;192;193;194;195;196;197;198;199;252;256;257;258;259;260;261;262;263;264;265;266;267;268;269;341;344;349;351;352;353;354;355;356;357;358;361;364;365;366;367;368;369;370;371;372;373;374;375;376;377,149
Nb252_WT_pos055_rep02_seed8167502,2,8167502,400.6090955428358,-74.7021098824311,-96.46008565479202,-120.79480934744073,16.122162524591765,24,37,0.9166666666666666,0.8918918918918919,0.04606389054757491,2.3168016886773164,33;37;45;47;50;53;58;98;100;102;103;104;105;106;107;108;109;110;111;112;113;114;115;116,33;40;44;82;86;89;90;93;96;97;98;99;101;102;105;106;109;110;172;174;177;178;179;180;181;182;269;277;278;279;290;293;294;297;298;301;302,True,True,True,True,pass,55,42,37;38;39;40;41;42;43;44;45;57;58;59,1;2;4;17;18;19;20;21;22;23;24;25;26;31;32;33;34;35;36;37;38;39;40;41;42;43;44;45;46;57;58;59;60;81;82;83;84;85;86;87;88;89;90;91;92;93;94;95;96;97;98;99;100;101;102;103;104;105;116;117;118;119;120;121;122;123;124;125;126;127;128;129;130;131;133;165;168;169;170;171;172;173;174;175;176;177;178;179;180;181;182;183;184;185;186;187;188;189;190;191;192;193;194;195;196;197;198;199;252;256;257;258;259;260;261;262;263;264;265;266;267;268;269;341;344;349;351;352;353;354;355;356;357;358;361;364;365;366;367;368;369;370;371;372;373;374;375;376;377,149
Nb252_WT_pos055_rep03_seed8167503,3,8167503,400.6090955428358,-74.43754775285589,-96.46008565479202,-120.79480934744073,16.122162524591765,24,37,0.9166666666666666,0.8918918918918919,0.04606389054757491,2.3168016886773164,33;37;45;47;50;53;58;98;100;102;103;104;105;106;107;108;109;110;111;112;113;114;115;116,33;40;44;82;86;89;90;93;96;97;98;99;101;102;105;106;109;110;172;174;177;178;179;180;181;182;269;277;278;279;290;293;294;297;298;301;302,True,True,True,True,pass,55,42,37;38;39;40;41;42;43;44;45;57;58;59,1;2;4;17;18;19;20;21;22;23;24;25;26;31;32;33;34;35;36;37;38;39;40;41;42;43;44;45;46;57;58;59;60;81;82;83;84;85;86;87;88;89;90;91;92;93;94;95;96;97;98;99;100;101;102;103;104;105;116;117;118;119;120;121;122;123;124;125;126;127;128;129;130;131;133;165;168;169;170;171;172;173;174;175;176;177;178;179;180;181;182;183;184;185;186;187;188;189;190;191;192;193;194;195;196;197;198;199;252;256;257;258;259;260;261;262;263;264;265;266;267;268;269;341;344;349;351;352;353;354;355;356;357;358;361;364;365;366;367;368;369;370;371;372;373;374;375;376;377,149
Nb252_WT_pos075_rep01_seed8169501,1,8169501,398.2769470333542,-73.0623345211979,-96.26648055194458,-120.81756002981267,16.31614758830707,24,37,0.9166666666666666,0.8918918918918919,0.04479358934974107,2.3108146890241676,33;37;45;47;50;53;58;98;100;102;103;104;105;106;107;108;109;110;111;112;113;114;115;116,33;40;44;82;86;89;90;93;96;97;98;99;101;102;105;106;109;110;172;174;177;178;179;180;181;182;269;277;278;279;290;293;294;297;298;301;302,True,True,True,True,pass,75,62,58;59;60;61;62;63;64;65,1;2;4;17;18;19;20;21;22;23;24;25;26;31;32;33;34;35;36;37;38;39;40;41;42;43;44;45;46;58;59;60;61;62;63;64;65;81;82;83;84;85;86;87;88;89;90;91;92;93;94;95;96;97;98;99;100;101;102;103;104;105;116;117;118;119;120;121;122;123;124;125;126;127;128;129;130;131;133;165;168;169;170;171;172;173;174;175;176;177;178;179;180;181;182;183;184;185;186;187;188;189;190;191;192;193;194;195;196;197;198;199;252;256;257;258;259;260;261;262;263;264;265;266;267;268;269;341;344;349;351;352;353;354;355;356;357;358;361;364;365;366;367;368;369;370;371;372;373;374;375;376;377,153
Nb252_WT_pos075_rep02_seed8169502,2,8169502,398.2769470333542,-74.53397893608803,-96.26648055194458,-120.81756002981267,16.31614758830707,24,37,0.9166666666666666,0.8918918918918919,0.04479358934974107,2.3108146890241676,33;37;45;47;50;53;58;98;100;102;103;104;105;106;107;108;109;110;111;112;113;114;115;116,33;40;44;82;86;89;90;93;96;97;98;99;101;102;105;106;109;110;172;174;177;178;179;180;181;182;269;277;278;279;290;293;294;297;298;301;302,True,True,True,True,pass,75,62,58;59;60;61;62;63;64;65,1;2;4;17;18;19;20;21;22;23;24;25;26;31;32;33;34;35;36;37;38;39;40;41;42;43;44;45;46;58;59;60;61;62;63;64;65;81;82;83;84;85;86;87;88;89;90;91;92;93;94;95;96;97;98;99;100;101;102;103;104;105;116;117;118;119;120;121;122;123;124;125;126;127;128;129;130;131;133;165;168;169;170;171;172;173;174;175;176;177;178;179;180;181;182;183;184;185;186;187;188;189;190;191;192;193;194;195;196;197;198;199;252;256;257;258;259;260;261;262;263;264;265;266;267;268;269;341;344;349;351;352;353;354;355;356;357;358;361;364;365;366;367;368;369;370;371;372;373;374;375;376;377,153
Nb252_WT_pos075_rep03_seed8169503,3,8169503,398.2769470333542,-75.51772057236809,-96.26648055194458,-120.81756002981267,16.31614758830707,24,37,0.9166666666666666,0.8918918918918919,0.04479358934974107,2.3108146890241676,33;37;45;47;50;53;58;98;100;102;103;104;105;106;107;108;109;110;111;112;113;114;115;116,33;40;44;82;86;89;90;93;96;97;98;99;101;102;105;106;109;110;172;174;177;178;179;180;181;182;269;277;278;279;290;293;294;297;298;301;302,True,True,True,True,pass,75,62,58;59;60;61;62;63;64;65,1;2;4;17;18;19;20;21;22;23;24;25;26;31;32;33;34;35;36;37;38;39;40;41;42;43;44;45;46;58;59;60;61;62;63;64;65;81;82;83;84;85;86;87;88;89;90;91;92;93;94;95;96;97;98;99;100;101;102;103;104;105;116;117;118;119;120;121;122;123;124;125;126;127;128;129;130;131;133;165;168;169;170;171;172;173;174;175;176;177;178;179;180;181;182;183;184;185;186;187;188;189;190;191;192;193;194;195;196;197;198;199;252;256;257;258;259;260;261;262;263;264;265;266;267;268;269;341;344;349;351;352;353;354;355;356;357;358;361;364;365;366;367;368;369;370;371;372;373;374;375;376;377,153
