candidate_id,mutation_reported_label,mutation_numbering_label,mutation_source_auth_label,sequence_index_1based,wt_residue,mutant_residue,region,prepared_contact_sensitive,replicate,seed,wt_control_id,mutant_total_score,mutant_dG_separated,mutant_cross_interface_energy,mutant_interface_fa_atr,mutant_interface_fa_rep,mutant_vhh_contact_count,mutant_receptor_epitope_count,mutant_vhh_contact_retention,mutant_receptor_epitope_retention,mutant_interface_ca_rmsd,mutant_minimum_interchain_distance,mutant_vhh_contact_auth_positions,mutant_receptor_contact_auth_positions,paired_wt_vhh_contact_count,paired_wt_receptor_epitope_count,candidate_vs_paired_wt_vhh_contact_retention,candidate_vs_paired_wt_receptor_epitope_retention,delta_dG_separated,delta_cross_interface_energy,delta_interface_fa_rep,mutant_mapping_pass,mutant_breaks_pass,mutant_disulfide_pass,mutant_finite_metrics,mutant_runtime_valid,status
Nb252_aff_seq033_D33K,Nb252 reported_seq D33K,Nb252 IMGT 38 D>K,Nb252 chain C auth 33 D>K,33,D,K,CDR1,False,1,8112101,Nb252_WT_rep01_seed8112101,428.2804671338007,-70.75578376361432,-93.06657731096855,-124.12725449048617,17.571611690105126,24,37,0.9166666666666666,0.8918918918918919,0.04436535266629684,2.3165551612708106,33;37;45;47;50;53;58;98;100;102;103;104;105;106;107;108;109;110;111;112;113;114;115;116,33;40;44;82;86;89;90;93;96;97;98;99;101;102;105;106;109;110;172;174;177;178;179;180;181;182;269;277;278;279;290;293;294;297;298;301;302,24,37,1.0,1.0,3.8196533957645897,3.4566971080788136,1.3859835335007276,True,True,True,True,True,pass
Nb252_aff_seq037_Y37A,Nb252 reported_seq Y37A,Nb252 IMGT 42 Y>A,Nb252 chain C auth 37 Y>A,37,Y,A,FR2,False,1,8112101,Nb252_WT_rep01_seed8112101,419.50204375909186,-78.54181992954102,-95.99025436033901,-120.70798194958586,15.952450208813328,24,37,0.875,0.8918918918918919,0.04525785764858304,2.3572501916839115,33;45;47;50;53;58;96;98;100;102;103;104;105;106;107;108;109;110;111;112;113;114;115;116,33;40;44;82;86;89;90;93;96;97;98;99;101;102;105;106;109;110;172;174;177;178;179;180;181;182;269;277;278;279;290;293;294;297;298;301;302,24,37,0.9583333333333334,1.0,-3.966382770162113,0.5330200587083596,-0.23317794779107004,True,True,True,True,True,pass
Nb252_aff_seq045_R45E,Nb252 reported_seq R45E,Nb252 IMGT 50 R>E,Nb252 chain C auth 45 R>E,45,R,E,FR2,False,1,8112101,Nb252_WT_rep01_seed8112101,426.112558591075,-74.6200614937207,-96.79575814648885,-121.40540955874539,16.48973347846581,24,37,0.9166666666666666,0.8918918918918919,0.04394605364093205,2.306483128033706,33;37;45;47;50;53;58;98;100;102;103;104;105;106;107;108;109;110;111;112;113;114;115;116,33;40;44;82;86;89;90;93;96;97;98;99;101;102;105;106;109;110;172;174;177;178;179;180;181;182;269;277;278;279;290;293;294;297;298;301;302,24,37,1.0,1.0,-0.04462433434179047,-0.2724837274414824,0.30410532186141026,True,True,True,True,True,pass
Nb252_aff_seq046_E46Q,Nb252 reported_seq E46Q,Nb252 IMGT 51 E>Q,Nb252 chain C auth 46 E>Q,46,E,Q,FR2,True,1,8112101,Nb252_WT_rep01_seed8112101,431.507156025327,-68.91227217055257,-91.35996852253051,-121.8062084924719,18.36043021550746,24,38,0.9166666666666666,0.918918918918919,0.041526709570701266,2.312030288632092,33;37;45;47;50;53;58;98;100;102;103;104;105;106;107;108;109;110;111;112;113;114;115;116,33;37;40;44;82;86;89;90;93;96;97;98;99;101;102;105;106;109;110;172;174;177;178;179;180;181;182;269;277;278;279;290;293;294;297;298;301;302,24,37,1.0,1.0,5.663164988826338,5.16330589651686,2.1748020589030617,True,True,True,True,True,pass
Nb252_aff_seq047_F47Y,Nb252 reported_seq F47Y,Nb252 IMGT 52 F>Y,Nb252 chain C auth 47 F>Y,47,F,Y,FR2,False,1,8112101,Nb252_WT_rep01_seed8112101,424.12597928304035,-73.84189753654266,-96.48515408815581,-120.74521336440517,16.141414014182573,24,37,0.9166666666666666,0.8918918918918919,0.043904598814809216,2.3119381499875673,33;37;45;47;50;53;58;98;100;102;103;104;105;106;107;108;109;110;111;112;113;114;115;116,33;40;44;82;86;89;90;93;96;97;98;99;101;102;105;106;109;110;172;174;177;178;179;180;181;182;269;277;278;279;290;293;294;297;298;301;302,24,37,1.0,1.0,0.733539622836247,0.03812033089155875,-0.04421414242182564,True,True,True,True,True,pass
Nb252_aff_seq058_N58D,Nb252 reported_seq N58D,Nb252 IMGT 66 N>D,Nb252 chain C auth 58 N>D,58,N,D,FR3,False,1,8112101,Nb252_WT_rep01_seed8112101,422.10158155409204,-73.67110634310257,-95.48831577611277,-120.6590072058559,16.074457277861374,24,37,0.9166666666666666,0.8918918918918919,0.04449057835517728,2.3144128264929194,33;37;45;47;50;53;58;98;100;102;103;104;105;106;107;108;109;110;111;112;113;114;115;116,33;40;44;82;86;89;90;93;96;97;98;99;101;102;105;106;109;110;172;174;177;178;179;180;181;182;269;277;278;279;290;293;294;297;298;301;302,24,37,1.0,1.0,0.9043308162763424,1.0349586429345976,-0.11117087874302456,True,True,True,True,True,pass
Nb252_aff_seq098_D98N,Nb252 reported_seq D98N,Nb252 IMGT 107 D>N,Nb252 chain C auth 98 D>N,98,D,N,CDR3,False,1,8112101,Nb252_WT_rep01_seed8112101,419.4576916263427,-75.13794698937772,-97.24313992461457,-121.15745474119761,16.366423116811937,24,37,0.9166666666666666,0.8918918918918919,0.0445718842808636,2.3190291428827683,33;37;45;47;50;53;58;98;100;102;103;104;105;106;107;108;109;110;111;112;113;114;115;116,33;40;44;82;86;89;90;93;96;97;98;99;101;102;105;106;109;110;172;174;177;178;179;180;181;182;269;277;278;279;290;293;294;297;298;301;302,24,37,1.0,1.0,-0.5625098299988167,-0.7198655055671992,0.18079496020753894,True,True,True,True,True,pass
Nb252_aff_seq100_I100F,Nb252 reported_seq I100F,Nb252 IMGT 109 I>F,Nb252 chain C auth 100 I>F,100,I,F,CDR3,False,1,8112101,Nb252_WT_rep01_seed8112101,425.1442519198582,-70.966700414856,-95.60048625911305,-123.30798957637157,17.94047626061323,24,37,0.9166666666666666,0.8918918918918919,0.043963919466895,2.3182644145230724,33;37;45;47;50;53;58;98;100;102;103;104;105;106;107;108;109;110;111;112;113;114;115;116,33;40;44;82;86;89;90;93;96;97;98;99;101;102;105;106;109;110;172;174;177;178;179;180;181;182;269;277;278;279;290;293;294;297;298;301;302,24,37,1.0,1.0,3.6087367445229006,0.9227881599343135,1.7548481040088326,True,True,True,True,True,pass
Nb252_aff_seq101_D101K,Nb252 reported_seq D101K,Nb252 IMGT 110 D>K,Nb252 chain C auth 101 D>K,101,D,K,CDR3,True,1,8112101,Nb252_WT_rep01_seed8112101,421.56661865874537,-74.16054299003804,-97.26190230304081,-121.58927714980096,16.075833624453995,25,38,0.9583333333333334,0.918918918918919,0.04398443270372106,2.316855095134311,33;37;45;47;50;53;58;98;100;101;102;103;104;105;106;107;108;109;110;111;112;113;114;115;116,33;36;40;44;82;86;89;90;93;96;97;98;99;101;102;105;106;109;110;172;174;177;178;179;180;181;182;269;277;278;279;290;293;294;297;298;301;302,24,37,1.0,1.0,0.41489416934086876,-0.7386278839934448,-0.1097945321504028,True,True,True,True,True,pass
Nb252_aff_seq102_Y102F,Nb252 reported_seq Y102F,Nb252 IMGT 111 Y>F,Nb252 chain C auth 102 Y>F,102,Y,F,CDR3,False,1,8112101,Nb252_WT_rep01_seed8112101,419.18278738466995,-75.41688865617311,-97.57106504241945,-120.27074176333407,15.924752907202267,24,37,0.9166666666666666,0.8918918918918919,0.044196688623744436,2.32170029736009,33;37;45;47;50;53;58;98;100;102;103;104;105;106;107;108;109;110;111;112;113;114;115;116,33;40;44;82;86;89;90;93;96;97;98;99;101;102;105;106;109;110;172;174;177;178;179;180;181;182;269;277;278;279;290;293;294;297;298;301;302,24,37,1.0,1.0,-0.8414514967942068,-1.0477906233720802,-0.26087524940213136,True,True,True,True,True,pass
Nb252_aff_seq103_I103N,Nb252 reported_seq I103N,Nb252 IMGT 111A I>N,Nb252 chain C auth 103 I>N,103,I,N,CDR3,True,1,8112101,Nb252_WT_rep01_seed8112101,425.9874961363177,-71.08291644938481,-94.46009408571432,-120.00484177605556,15.767117920136565,24,38,0.9166666666666666,0.918918918918919,0.043649042105483093,2.3130872042288417,33;37;45;47;50;53;58;98;100;102;103;104;105;106;107;108;109;110;111;112;113;114;115;116,33;37;40;44;82;86;89;90;93;96;97;98;99;101;102;105;106;109;110;172;174;177;178;179;180;181;182;269;277;278;279;290;293;294;297;298;301;302,24,37,1.0,1.0,3.4925207099940963,2.063180333333051,-0.41851023646783325,True,True,True,True,True,pass
Nb252_aff_seq116_W116F,Nb252 reported_seq W116F,Nb252 IMGT 118 W>F,Nb252 chain C auth 116 W>F,116,W,F,FR4,False,1,8112101,Nb252_WT_rep01_seed8112101,423.5536169260681,-73.30516704525678,-96.22580694769583,-118.76956234700882,16.333654934533804,23,37,0.875,0.8918918918918919,0.0456045644138783,2.609520777678498,33;37;45;50;53;58;98;100;102;103;104;105;106;107;108;109;110;111;112;113;114;115;116,33;40;44;82;86;89;90;93;96;97;98;99;101;102;105;106;109;110;172;174;177;178;179;180;181;182;269;277;278;279;290;293;294;297;298;301;302,24,37,0.9583333333333334,1.0,1.2702701141221269,0.2974674713515384,0.148026777929406,True,True,True,True,True,pass
Nb252_aff_seq033_D33K,Nb252 reported_seq D33K,Nb252 IMGT 38 D>K,Nb252 chain C auth 33 D>K,33,D,K,CDR1,False,2,8112102,Nb252_WT_rep02_seed8112102,428.2804671338007,-69.38999943813877,-93.06657731096855,-124.12725449048617,17.571611690105126,24,37,0.9166666666666666,0.8918918918918919,0.04436535266629684,2.3165551612708106,33;37;45;47;50;53;58;98;100;102;103;104;105;106;107;108;109;110;111;112;113;114;115;116,33;40;44;82;86;89;90;93;96;97;98;99;101;102;105;106;109;110;172;174;177;178;179;180;181;182;269;277;278;279;290;293;294;297;298;301;302,24,37,1.0,1.0,5.074591794816399,3.4566971080788136,1.3859835335007276,True,True,True,True,True,pass
Nb252_aff_seq037_Y37A,Nb252 reported_seq Y37A,Nb252 IMGT 42 Y>A,Nb252 chain C auth 37 Y>A,37,Y,A,FR2,False,2,8112102,Nb252_WT_rep02_seed8112102,419.22660654752247,-78.73314512010643,-96.05023554391603,-120.57877886992337,15.77167279826659,24,37,0.875,0.8918918918918919,0.045233897794942995,2.3366858488889735,33;45;47;50;53;58;96;98;100;102;103;104;105;106;107;108;109;110;111;112;113;114;115;116,33;40;44;82;86;89;90;93;96;97;98;99;101;102;105;106;109;110;172;174;177;178;179;180;181;182;269;277;278;279;290;293;294;297;298;301;302,24,37,0.9583333333333334,1.0,-4.268553887151256,0.473038875131337,-0.41395535833780883,True,True,True,True,True,pass
Nb252_aff_seq045_R45E,Nb252 reported_seq R45E,Nb252 IMGT 50 R>E,Nb252 chain C auth 45 R>E,45,R,E,FR2,False,2,8112102,Nb252_WT_rep02_seed8112102,426.112558591075,-74.6200614937207,-96.79575814648885,-121.40540955874539,16.48973347846581,24,37,0.9166666666666666,0.8918918918918919,0.04394605364093205,2.306483128033706,33;37;45;47;50;53;58;98;100;102;103;104;105;106;107;108;109;110;111;112;113;114;115;116,33;40;44;82;86;89;90;93;96;97;98;99;101;102;105;106;109;110;172;174;177;178;179;180;181;182;269;277;278;279;290;293;294;297;298;301;302,24,37,1.0,1.0,-0.15547026076552584,-0.2724837274414824,0.30410532186141026,True,True,True,True,True,pass
Nb252_aff_seq046_E46Q,Nb252 reported_seq E46Q,Nb252 IMGT 51 E>Q,Nb252 chain C auth 46 E>Q,46,E,Q,FR2,True,2,8112102,Nb252_WT_rep02_seed8112102,431.507156025327,-69.78564308533896,-91.35996852253051,-121.8062084924719,18.36043021550746,24,38,0.9166666666666666,0.918918918918919,0.041526709570701266,2.312030288632092,33;37;45;47;50;53;58;98;100;102;103;104;105;106;107;108;109;110;111;112;113;114;115;116,33;37;40;44;82;86;89;90;93;96;97;98;99;101;102;105;106;109;110;172;174;177;178;179;180;181;182;269;277;278;279;290;293;294;297;298;301;302,24,37,1.0,1.0,4.678948147616211,5.16330589651686,2.1748020589030617,True,True,True,True,True,pass
Nb252_aff_seq047_F47Y,Nb252 reported_seq F47Y,Nb252 IMGT 52 F>Y,Nb252 chain C auth 47 F>Y,47,F,Y,FR2,False,2,8112102,Nb252_WT_rep02_seed8112102,424.12597928304035,-73.84189753654266,-96.48515408815581,-120.74521336440517,16.141414014182573,24,37,0.9166666666666666,0.8918918918918919,0.043904598814809216,2.3119381499875673,33;37;45;47;50;53;58;98;100;102;103;104;105;106;107;108;109;110;111;112;113;114;115;116,33;40;44;82;86;89;90;93;96;97;98;99;101;102;105;106;109;110;172;174;177;178;179;180;181;182;269;277;278;279;290;293;294;297;298;301;302,24,37,1.0,1.0,0.6226936964125116,0.03812033089155875,-0.04421414242182564,True,True,True,True,True,pass
Nb252_aff_seq058_N58D,Nb252 reported_seq N58D,Nb252 IMGT 66 N>D,Nb252 chain C auth 58 N>D,58,N,D,FR3,False,2,8112102,Nb252_WT_rep02_seed8112102,422.10158155409204,-73.84564773062345,-95.48831577611277,-120.6590072058559,16.074457277861374,24,37,0.9166666666666666,0.8918918918918919,0.04449057835517728,2.3144128264929194,33;37;45;47;50;53;58;98;100;102;103;104;105;106;107;108;109;110;111;112;113;114;115;116,33;40;44;82;86;89;90;93;96;97;98;99;101;102;105;106;109;110;172;174;177;178;179;180;181;182;269;277;278;279;290;293;294;297;298;301;302,24,37,1.0,1.0,0.6189435023317174,1.0349586429345976,-0.11117087874302456,True,True,True,True,True,pass
Nb252_aff_seq098_D98N,Nb252 reported_seq D98N,Nb252 IMGT 107 D>N,Nb252 chain C auth 98 D>N,98,D,N,CDR3,False,2,8112102,Nb252_WT_rep02_seed8112102,419.4576916263427,-74.22339285424596,-97.24313992461457,-121.15745474119761,16.366423116811937,24,37,0.9166666666666666,0.8918918918918919,0.0445718842808636,2.3190291428827683,33;37;45;47;50;53;58;98;100;102;103;104;105;106;107;108;109;110;111;112;113;114;115;116,33;40;44;82;86;89;90;93;96;97;98;99;101;102;105;106;109;110;172;174;177;178;179;180;181;182;269;277;278;279;290;293;294;297;298;301;302,24,37,1.0,1.0,0.241198378709214,-0.7198655055671992,0.18079496020753894,True,True,True,True,True,pass
Nb252_aff_seq100_I100F,Nb252 reported_seq I100F,Nb252 IMGT 109 I>F,Nb252 chain C auth 100 I>F,100,I,F,CDR3,False,2,8112102,Nb252_WT_rep02_seed8112102,425.1442519198582,-72.34796475263909,-95.60048625911305,-123.30798957637157,17.94047626061323,24,37,0.9166666666666666,0.8918918918918919,0.043963919466895,2.3182644145230724,33;37;45;47;50;53;58;98;100;102;103;104;105;106;107;108;109;110;111;112;113;114;115;116,33;40;44;82;86;89;90;93;96;97;98;99;101;102;105;106;109;110;172;174;177;178;179;180;181;182;269;277;278;279;290;293;294;297;298;301;302,24,37,1.0,1.0,2.1166264803160857,0.9227881599343135,1.7548481040088326,True,True,True,True,True,pass
Nb252_aff_seq101_D101K,Nb252 reported_seq D101K,Nb252 IMGT 110 D>K,Nb252 chain C auth 101 D>K,101,D,K,CDR3,True,2,8112102,Nb252_WT_rep02_seed8112102,421.56661865874537,-75.04749206386481,-97.26190230304081,-121.58927714980096,16.075833624453995,25,38,0.9583333333333334,0.918918918918919,0.04398443270372106,2.316855095134311,33;37;45;47;50;53;58;98;100;101;102;103;104;105;106;107;108;109;110;111;112;113;114;115;116,33;36;40;44;82;86;89;90;93;96;97;98;99;101;102;105;106;109;110;172;174;177;178;179;180;181;182;269;277;278;279;290;293;294;297;298;301;302,24,37,1.0,1.0,-0.5829008309096366,-0.7386278839934448,-0.1097945321504028,True,True,True,True,True,pass
Nb252_aff_seq102_Y102F,Nb252 reported_seq Y102F,Nb252 IMGT 111 Y>F,Nb252 chain C auth 102 Y>F,102,Y,F,CDR3,False,2,8112102,Nb252_WT_rep02_seed8112102,419.18278738466995,-75.41688865617311,-97.57106504241945,-120.27074176333407,15.924752907202267,24,37,0.9166666666666666,0.8918918918918919,0.044196688623744436,2.32170029736009,33;37;45;47;50;53;58;98;100;102;103;104;105;106;107;108;109;110;111;112;113;114;115;116,33;40;44;82;86;89;90;93;96;97;98;99;101;102;105;106;109;110;172;174;177;178;179;180;181;182;269;277;278;279;290;293;294;297;298;301;302,24,37,1.0,1.0,-0.9522974232179422,-1.0477906233720802,-0.26087524940213136,True,True,True,True,True,pass
Nb252_aff_seq103_I103N,Nb252 reported_seq I103N,Nb252 IMGT 111A I>N,Nb252 chain C auth 103 I>N,103,I,N,CDR3,True,2,8112102,Nb252_WT_rep02_seed8112102,425.9874961363177,-71.49993150078444,-94.46009408571432,-120.00484177605556,15.767117920136565,24,38,0.9166666666666666,0.918918918918919,0.043649042105483093,2.3130872042288417,33;37;45;47;50;53;58;98;100;102;103;104;105;106;107;108;109;110;111;112;113;114;115;116,33;37;40;44;82;86;89;90;93;96;97;98;99;101;102;105;106;109;110;172;174;177;178;179;180;181;182;269;277;278;279;290;293;294;297;298;301;302,24,37,1.0,1.0,2.9646597321707304,2.063180333333051,-0.41851023646783325,True,True,True,True,True,pass
Nb252_aff_seq116_W116F,Nb252 reported_seq W116F,Nb252 IMGT 118 W>F,Nb252 chain C auth 116 W>F,116,W,F,FR4,False,2,8112102,Nb252_WT_rep02_seed8112102,423.5536169260681,-72.77608507944069,-96.22580694769583,-118.76956234700882,16.333654934533804,23,37,0.875,0.8918918918918919,0.0456045644138783,2.609520777678498,33;37;45;50;53;58;98;100;102;103;104;105;106;107;108;109;110;111;112;113;114;115;116,33;40;44;82;86;89;90;93;96;97;98;99;101;102;105;106;109;110;172;174;177;178;179;180;181;182;269;277;278;279;290;293;294;297;298;301;302,24,37,0.9583333333333334,1.0,1.6885061535144814,0.2974674713515384,0.148026777929406,True,True,True,True,True,pass
Nb252_aff_seq033_D33K,Nb252 reported_seq D33K,Nb252 IMGT 38 D>K,Nb252 chain C auth 33 D>K,33,D,K,CDR1,False,3,8112103,Nb252_WT_rep03_seed8112103,428.2804671338007,-69.38999943813877,-93.06657731096855,-124.12725449048617,17.571611690105126,24,37,0.9166666666666666,0.8918918918918919,0.04436535266629684,2.3165551612708106,33;37;45;47;50;53;58;98;100;102;103;104;105;106;107;108;109;110;111;112;113;114;115;116,33;40;44;82;86;89;90;93;96;97;98;99;101;102;105;106;109;110;172;174;177;178;179;180;181;182;269;277;278;279;290;293;294;297;298;301;302,24,37,1.0,1.0,5.074591794816399,3.4566971080788136,1.3859835335007276,True,True,True,True,True,pass
Nb252_aff_seq037_Y37A,Nb252 reported_seq Y37A,Nb252 IMGT 42 Y>A,Nb252 chain C auth 37 Y>A,37,Y,A,FR2,False,3,8112103,Nb252_WT_rep03_seed8112103,419.22660654752247,-77.84484798387564,-96.05023554391603,-120.57877886992337,15.77167279826659,24,37,0.875,0.8918918918918919,0.045233897794942995,2.3366858488889735,33;45;47;50;53;58;96;98;100;102;103;104;105;106;107;108;109;110;111;112;113;114;115;116,33;40;44;82;86;89;90;93;96;97;98;99;101;102;105;106;109;110;172;174;177;178;179;180;181;182;269;277;278;279;290;293;294;297;298;301;302,24,37,0.9583333333333334,1.0,-3.3802567509204664,0.473038875131337,-0.41395535833780883,True,True,True,True,True,pass
Nb252_aff_seq045_R45E,Nb252 reported_seq R45E,Nb252 IMGT 50 R>E,Nb252 chain C auth 45 R>E,45,R,E,FR2,False,3,8112103,Nb252_WT_rep03_seed8112103,426.112558591075,-74.22877487469083,-96.79575814648885,-121.40540955874539,16.48973347846581,24,37,0.9166666666666666,0.8918918918918919,0.04394605364093205,2.306483128033706,33;37;45;47;50;53;58;98;100;102;103;104;105;106;107;108;109;110;111;112;113;114;115;116,33;40;44;82;86;89;90;93;96;97;98;99;101;102;105;106;109;110;172;174;177;178;179;180;181;182;269;277;278;279;290;293;294;297;298;301;302,24,37,1.0,1.0,0.23581635826434422,-0.2724837274414824,0.30410532186141026,True,True,True,True,True,pass
Nb252_aff_seq046_E46Q,Nb252 reported_seq E46Q,Nb252 IMGT 51 E>Q,Nb252 chain C auth 46 E>Q,46,E,Q,FR2,True,3,8112103,Nb252_WT_rep03_seed8112103,431.507156025327,-69.06235717981315,-91.35996852253051,-121.8062084924719,18.36043021550746,24,38,0.9166666666666666,0.918918918918919,0.041526709570701266,2.312030288632092,33;37;45;47;50;53;58;98;100;102;103;104;105;106;107;108;109;110;111;112;113;114;115;116,33;37;40;44;82;86;89;90;93;96;97;98;99;101;102;105;106;109;110;172;174;177;178;179;180;181;182;269;277;278;279;290;293;294;297;298;301;302,24,37,1.0,1.0,5.402234053142024,5.16330589651686,2.1748020589030617,True,True,True,True,True,pass
Nb252_aff_seq047_F47Y,Nb252 reported_seq F47Y,Nb252 IMGT 52 F>Y,Nb252 chain C auth 47 F>Y,47,F,Y,FR2,False,3,8112103,Nb252_WT_rep03_seed8112103,424.12597928304035,-73.84189753654266,-96.48515408815581,-120.74521336440517,16.141414014182573,24,37,0.9166666666666666,0.8918918918918919,0.043904598814809216,2.3119381499875673,33;37;45;47;50;53;58;98;100;102;103;104;105;106;107;108;109;110;111;112;113;114;115;116,33;40;44;82;86;89;90;93;96;97;98;99;101;102;105;106;109;110;172;174;177;178;179;180;181;182;269;277;278;279;290;293;294;297;298;301;302,24,37,1.0,1.0,0.6226936964125116,0.03812033089155875,-0.04421414242182564,True,True,True,True,True,pass
Nb252_aff_seq058_N58D,Nb252 reported_seq N58D,Nb252 IMGT 66 N>D,Nb252 chain C auth 58 N>D,58,N,D,FR3,False,3,8112103,Nb252_WT_rep03_seed8112103,422.10158155409204,-72.35906091139765,-95.48831577611277,-120.6590072058559,16.074457277861374,24,37,0.9166666666666666,0.8918918918918919,0.04449057835517728,2.3144128264929194,33;37;45;47;50;53;58;98;100;102;103;104;105;106;107;108;109;110;111;112;113;114;115;116,33;40;44;82;86;89;90;93;96;97;98;99;101;102;105;106;109;110;172;174;177;178;179;180;181;182;269;277;278;279;290;293;294;297;298;301;302,24,37,1.0,1.0,2.1055303215575236,1.0349586429345976,-0.11117087874302456,True,True,True,True,True,pass
Nb252_aff_seq098_D98N,Nb252 reported_seq D98N,Nb252 IMGT 107 D>N,Nb252 chain C auth 98 D>N,98,D,N,CDR3,False,3,8112103,Nb252_WT_rep03_seed8112103,419.4576916263427,-74.63273684846513,-97.24313992461457,-121.15745474119761,16.366423116811937,24,37,0.9166666666666666,0.8918918918918919,0.0445718842808636,2.3190291428827683,33;37;45;47;50;53;58;98;100;102;103;104;105;106;107;108;109;110;111;112;113;114;115;116,33;40;44;82;86;89;90;93;96;97;98;99;101;102;105;106;109;110;172;174;177;178;179;180;181;182;269;277;278;279;290;293;294;297;298;301;302,24,37,1.0,1.0,-0.16814561550995677,-0.7198655055671992,0.18079496020753894,True,True,True,True,True,pass
Nb252_aff_seq100_I100F,Nb252 reported_seq I100F,Nb252 IMGT 109 I>F,Nb252 chain C auth 100 I>F,100,I,F,CDR3,False,3,8112103,Nb252_WT_rep03_seed8112103,425.1442519198582,-71.88776090535976,-95.60048625911305,-123.30798957637157,17.94047626061323,24,37,0.9166666666666666,0.8918918918918919,0.043963919466895,2.3182644145230724,33;37;45;47;50;53;58;98;100;102;103;104;105;106;107;108;109;110;111;112;113;114;115;116,33;40;44;82;86;89;90;93;96;97;98;99;101;102;105;106;109;110;172;174;177;178;179;180;181;182;269;277;278;279;290;293;294;297;298;301;302,24,37,1.0,1.0,2.5768303275954167,0.9227881599343135,1.7548481040088326,True,True,True,True,True,pass
Nb252_aff_seq101_D101K,Nb252 reported_seq D101K,Nb252 IMGT 110 D>K,Nb252 chain C auth 101 D>K,101,D,K,CDR3,True,3,8112103,Nb252_WT_rep03_seed8112103,421.56661865874537,-76.50791768479587,-97.26190230304081,-121.58927714980096,16.075833624453995,25,38,0.9583333333333334,0.918918918918919,0.04398443270372106,2.316855095134311,33;37;45;47;50;53;58;98;100;101;102;103;104;105;106;107;108;109;110;111;112;113;114;115;116,33;36;40;44;82;86;89;90;93;96;97;98;99;101;102;105;106;109;110;172;174;177;178;179;180;181;182;269;277;278;279;290;293;294;297;298;301;302,24,37,1.0,1.0,-2.0433264518406986,-0.7386278839934448,-0.1097945321504028,True,True,True,True,True,pass
Nb252_aff_seq102_Y102F,Nb252 reported_seq Y102F,Nb252 IMGT 111 Y>F,Nb252 chain C auth 102 Y>F,102,Y,F,CDR3,False,3,8112103,Nb252_WT_rep03_seed8112103,419.18278738466995,-74.5129313278415,-97.57106504241945,-120.27074176333407,15.924752907202267,24,37,0.9166666666666666,0.8918918918918919,0.044196688623744436,2.32170029736009,33;37;45;47;50;53;58;98;100;102;103;104;105;106;107;108;109;110;111;112;113;114;115;116,33;40;44;82;86;89;90;93;96;97;98;99;101;102;105;106;109;110;172;174;177;178;179;180;181;182;269;277;278;279;290;293;294;297;298;301;302,24,37,1.0,1.0,-0.048340094886327734,-1.0477906233720802,-0.26087524940213136,True,True,True,True,True,pass
Nb252_aff_seq103_I103N,Nb252 reported_seq I103N,Nb252 IMGT 111A I>N,Nb252 chain C auth 103 I>N,103,I,N,CDR3,True,3,8112103,Nb252_WT_rep03_seed8112103,425.9874961363177,-72.03635504737707,-94.46009408571432,-120.00484177605556,15.767117920136565,24,38,0.9166666666666666,0.918918918918919,0.043649042105483093,2.3130872042288417,33;37;45;47;50;53;58;98;100;102;103;104;105;106;107;108;109;110;111;112;113;114;115;116,33;37;40;44;82;86;89;90;93;96;97;98;99;101;102;105;106;109;110;172;174;177;178;179;180;181;182;269;277;278;279;290;293;294;297;298;301;302,24,37,1.0,1.0,2.4282361855781005,2.063180333333051,-0.41851023646783325,True,True,True,True,True,pass
Nb252_aff_seq116_W116F,Nb252 reported_seq W116F,Nb252 IMGT 118 W>F,Nb252 chain C auth 116 W>F,116,W,F,FR4,False,3,8112103,Nb252_WT_rep03_seed8112103,423.5536169260681,-72.77608507944069,-96.22580694769583,-118.76956234700882,16.333654934533804,23,37,0.875,0.8918918918918919,0.0456045644138783,2.609520777678498,33;37;45;50;53;58;98;100;102;103;104;105;106;107;108;109;110;111;112;113;114;115;116,33;40;44;82;86;89;90;93;96;97;98;99;101;102;105;106;109;110;172;174;177;178;179;180;181;182;269;277;278;279;290;293;294;297;298;301;302,24,37,0.9583333333333334,1.0,1.6885061535144814,0.2974674713515384,0.148026777929406,True,True,True,True,True,pass
