sample_uid,observation_id,assay_id,provider_code,source_sample_id,source_sha256,sequence_sha256,sequence_scope,sequence_scope_status,numbering_status,provisional_numbered_span_sha256,sequence_review_flags,construct_comparability_status,phenotype_name,reported_text,observation_semantics,value_relation,point_estimate_mg,group_anchor_mg,lower_bound_mg,lower_bound_inclusive,upper_bound_mg,assignment_level,individual_numeric_available,censoring_type,protocol_completeness_status,within_assay_numeric_use_status,within_assay_ordinal_use_status,cross_assay_pooling_status,nb252_transfer_status,highest_allowed_use,blocking_fields,decision_reasons,review_version
LTT__Nb290,OBS__LTT__Nb290,ASSAY__LTT,LTT,Nb290,a6e4022f0978fbd70a0e04dc78f479140ab6f55caaa90b467fb77a62eb5db5d1,d0d1113ec285797d1e6b0d464c6b7c73fce9986b4f2ed7fd3e8f782a9ffe1e91,unknown,provisional_numbered_domain,pass,d4c8400a01b3f0886c3f8dbee7deb7b3bc798bd04cb84f3194776fe92ed4c0c7,,pending,reported_yield,Nb290  ~25 mg,individual_approximate,approx,25,,,,,individual,True,,blocked,conditional,not_applicable,blocked,blocked,within_assay_numeric_exploratory,batch_id;construct_boundary_definition;cross_provider_protocol_equivalence;host_species;medium;protocol_id;replicate_count;sequence_scope;uncertainty_definition;yield_stage,individual_approximate_numeric_but_protocol_incomplete;cross_source_pooling_not_authorized;nb252_transfer_not_authorized,1.0.0
LTT__Nb270,OBS__LTT__Nb270,ASSAY__LTT,LTT,Nb270,a6e4022f0978fbd70a0e04dc78f479140ab6f55caaa90b467fb77a62eb5db5d1,348028bf1b17a4cd729ff9f1fb81c278fc2aae60e51ad90078f399aedcdaa435,unknown,provisional_numbered_domain,pass,7d0261129e0b8c4aaacaaa3beedbcdb2b98704a5c93ebca5b1d42b241fd7b494,,pending,reported_yield,Nb270  ~24 mg,individual_approximate,approx,24,,,,,individual,True,,blocked,conditional,not_applicable,blocked,blocked,within_assay_numeric_exploratory,batch_id;construct_boundary_definition;cross_provider_protocol_equivalence;host_species;medium;protocol_id;replicate_count;sequence_scope;uncertainty_definition;yield_stage,individual_approximate_numeric_but_protocol_incomplete;cross_source_pooling_not_authorized;nb252_transfer_not_authorized,1.0.0
LTT__Nb314,OBS__LTT__Nb314,ASSAY__LTT,LTT,Nb314,a6e4022f0978fbd70a0e04dc78f479140ab6f55caaa90b467fb77a62eb5db5d1,aaea6c26abb9407952267f2cc4271b691aa38d68995e4a56724b56401a8cdf46,unknown,provisional_numbered_domain,pass,30a78938a736afcea9f4e081c36180a89b54ea8032eb32190b2de4e3c026bc69,,pending,reported_yield,Nb314  ~17.8 mg,individual_approximate,approx,17.8,,,,,individual,True,,blocked,conditional,not_applicable,blocked,blocked,within_assay_numeric_exploratory,batch_id;construct_boundary_definition;cross_provider_protocol_equivalence;host_species;medium;protocol_id;replicate_count;sequence_scope;uncertainty_definition;yield_stage,individual_approximate_numeric_but_protocol_incomplete;cross_source_pooling_not_authorized;nb252_transfer_not_authorized,1.0.0
LTT__Nb5,OBS__LTT__Nb5,ASSAY__LTT,LTT,Nb5,a6e4022f0978fbd70a0e04dc78f479140ab6f55caaa90b467fb77a62eb5db5d1,9e59630f1d4afc857a795a3ac434449f17a8d1f15f1626ff12f2272a6bfc4d59,unknown,provisional_numbered_domain,pass,1b1d0f34087e697a5412a33a7e6ead0264d3958d102ea472e851194d90e13395,short_literal_sequence_lt115,pending,reported_yield,Nb5  ~17.3 mg,individual_approximate,approx,17.3,,,,,individual,True,,blocked,conditional,not_applicable,blocked,blocked,within_assay_numeric_exploratory,batch_id;construct_boundary_definition;cross_provider_protocol_equivalence;host_species;medium;protocol_id;replicate_count;sequence_scope;uncertainty_definition;yield_stage,individual_approximate_numeric_but_protocol_incomplete;cross_source_pooling_not_authorized;nb252_transfer_not_authorized,1.0.0
LTT__Nb257,OBS__LTT__Nb257,ASSAY__LTT,LTT,Nb257,a6e4022f0978fbd70a0e04dc78f479140ab6f55caaa90b467fb77a62eb5db5d1,e02292d09e7392207b19d793ae1d344658c6a517a54efc41a977f335c2b5224e,unknown,provisional_numbered_domain,pass,86b148019d04840aa7ee034465e7c1df7ab93ff32a8bfc9a1b0a467355aaf2e2,single_cysteine_literal_sequence,pending,reported_yield,Nb257  ~16.5 mg,individual_approximate,approx,16.5,,,,,individual,True,,blocked,conditional,not_applicable,blocked,blocked,within_assay_numeric_exploratory,batch_id;construct_boundary_definition;cross_provider_protocol_equivalence;host_species;medium;protocol_id;replicate_count;sequence_scope;uncertainty_definition;yield_stage,individual_approximate_numeric_but_protocol_incomplete;cross_source_pooling_not_authorized;nb252_transfer_not_authorized,1.0.0
LTT__Nb232,OBS__LTT__Nb232,ASSAY__LTT,LTT,Nb232,a6e4022f0978fbd70a0e04dc78f479140ab6f55caaa90b467fb77a62eb5db5d1,b1c3aa6047ffc1cb358d982bc4de9a77dde00871291ced9a8deeab289c87b15a,unknown,provisional_numbered_domain,pass,e284fa3a867780f0732a0571065335ae00c1dc37e8c067052b2b93adbf171447,,pending,reported_yield,Nb232  ~16.3 mg,individual_approximate,approx,16.3,,,,,individual,True,,blocked,conditional,not_applicable,blocked,blocked,within_assay_numeric_exploratory,batch_id;construct_boundary_definition;cross_provider_protocol_equivalence;host_species;medium;protocol_id;replicate_count;sequence_scope;uncertainty_definition;yield_stage,individual_approximate_numeric_but_protocol_incomplete;cross_source_pooling_not_authorized;nb252_transfer_not_authorized,1.0.0
LTT__Nb294,OBS__LTT__Nb294,ASSAY__LTT,LTT,Nb294,a6e4022f0978fbd70a0e04dc78f479140ab6f55caaa90b467fb77a62eb5db5d1,f7955fa588eb5bdf94cd437116a46b1668716575939913bd956abab2802e2742,unknown,provisional_numbered_domain,pass,2d2cfd3d6f5b030ba4e2b319b6727f9783f555e593866e3120fcba7faea090b8,,pending,reported_yield,Nb294  ~16.2 mg,individual_approximate,approx,16.2,,,,,individual,True,,blocked,conditional,not_applicable,blocked,blocked,within_assay_numeric_exploratory,batch_id;construct_boundary_definition;cross_provider_protocol_equivalence;host_species;medium;protocol_id;replicate_count;sequence_scope;uncertainty_definition;yield_stage,individual_approximate_numeric_but_protocol_incomplete;cross_source_pooling_not_authorized;nb252_transfer_not_authorized,1.0.0
LTT__Nb256,OBS__LTT__Nb256,ASSAY__LTT,LTT,Nb256,a6e4022f0978fbd70a0e04dc78f479140ab6f55caaa90b467fb77a62eb5db5d1,1c57486ec1f9da54802224ef504fbd020eeca55a41f7cc8b89f4e7230b7ba956,unknown,provisional_numbered_domain,pass,de06d8090ef571de9ebc20441ba7f7e0f24afbf7a9bac5f1c554002bd5f355c8,,pending,reported_yield,Nb256  ~10.5 mg,individual_approximate,approx,10.5,,,,,individual,True,,blocked,conditional,not_applicable,blocked,blocked,within_assay_numeric_exploratory,batch_id;construct_boundary_definition;cross_provider_protocol_equivalence;host_species;medium;protocol_id;replicate_count;sequence_scope;uncertainty_definition;yield_stage,individual_approximate_numeric_but_protocol_incomplete;cross_source_pooling_not_authorized;nb252_transfer_not_authorized,1.0.0
LTT__Nb233,OBS__LTT__Nb233,ASSAY__LTT,LTT,Nb233,a6e4022f0978fbd70a0e04dc78f479140ab6f55caaa90b467fb77a62eb5db5d1,aa37ad90cae53f300c30a8f2cb30de151af0b922fed34b7227d9947875dda51e,unknown,provisional_numbered_domain,pass,3109f39c29039903b5c7bd9b87aa009f7ce289ab76b1e285380f58dd1791d3fc,,pending,reported_yield,Nb233  ~10 mg,individual_approximate,approx,10,,,,,individual,True,,blocked,conditional,not_applicable,blocked,blocked,within_assay_numeric_exploratory,batch_id;construct_boundary_definition;cross_provider_protocol_equivalence;host_species;medium;protocol_id;replicate_count;sequence_scope;uncertainty_definition;yield_stage,individual_approximate_numeric_but_protocol_incomplete;cross_source_pooling_not_authorized;nb252_transfer_not_authorized,1.0.0
LTT__Nb302,OBS__LTT__Nb302,ASSAY__LTT,LTT,Nb302,a6e4022f0978fbd70a0e04dc78f479140ab6f55caaa90b467fb77a62eb5db5d1,cd9a5172aab5533f4d166b95ad5f00b4816f479c78daaae31715f3e75eb1d236,unknown,provisional_numbered_domain,pass,5de78806990e246e86b34a15fadfbe11a623c113ae8cb17b0e4062a5b1fb1bc3,short_literal_sequence_lt115,pending,reported_yield,Nb302  ~8.6 mg,individual_approximate,approx,8.6,,,,,individual,True,,blocked,conditional,not_applicable,blocked,blocked,within_assay_numeric_exploratory,batch_id;construct_boundary_definition;cross_provider_protocol_equivalence;host_species;medium;protocol_id;replicate_count;sequence_scope;uncertainty_definition;yield_stage,individual_approximate_numeric_but_protocol_incomplete;cross_source_pooling_not_authorized;nb252_transfer_not_authorized,1.0.0
LTT__Nb253,OBS__LTT__Nb253,ASSAY__LTT,LTT,Nb253,a6e4022f0978fbd70a0e04dc78f479140ab6f55caaa90b467fb77a62eb5db5d1,3db2bda3e261a5f63a6d31fe864cbbe7ba750c8aaaf58c689bb10ae7e2601835,unknown,provisional_numbered_domain,pass,81832c3adc13eb4a679fcee62c931e36c6171178429bd2eae4b5e643c8bde002,short_literal_sequence_lt115,pending,reported_yield,Nb253  ~1.5 mg,individual_approximate,approx,1.5,,,,,individual,True,,blocked,conditional,not_applicable,blocked,blocked,within_assay_numeric_exploratory,batch_id;construct_boundary_definition;cross_provider_protocol_equivalence;host_species;medium;protocol_id;replicate_count;sequence_scope;uncertainty_definition;yield_stage,individual_approximate_numeric_but_protocol_incomplete;cross_source_pooling_not_authorized;nb252_transfer_not_authorized,1.0.0
LTT__Nb21,OBS__LTT__Nb21,ASSAY__LTT,LTT,Nb21,a6e4022f0978fbd70a0e04dc78f479140ab6f55caaa90b467fb77a62eb5db5d1,526b4d19086835465df72a732dc04e16392e35ac7c937f24e0719056175667bc,unknown,provisional_numbered_domain,pass,8e517d70f69909797ce4c7082bcdf823bec402e8d29d2a607ee2fb16077ab121,,pending,reported_yield,Nb21  ~0.5 mg,individual_approximate,approx,0.5,,,,,individual,True,,blocked,conditional,not_applicable,blocked,blocked,within_assay_numeric_exploratory,batch_id;construct_boundary_definition;cross_provider_protocol_equivalence;host_species;medium;protocol_id;replicate_count;sequence_scope;uncertainty_definition;yield_stage,individual_approximate_numeric_but_protocol_incomplete;cross_source_pooling_not_authorized;nb252_transfer_not_authorized,1.0.0
LTT__Nb252,OBS__LTT__Nb252,ASSAY__LTT,LTT,Nb252,a6e4022f0978fbd70a0e04dc78f479140ab6f55caaa90b467fb77a62eb5db5d1,df5b83ddde8a3486383c12afe45e22af6a358f507eab5503d5dbd4430710288d,unknown,provisional_numbered_domain,pass,af91c2d4150382c297347541d367e593f6600b0476f01f8b0ef6597de8871b08,,pending,reported_yield,Nb252  ~0.5 mg,individual_approximate,approx,0.5,,,,,individual,True,,blocked,conditional,not_applicable,blocked,blocked,within_assay_numeric_exploratory,batch_id;construct_boundary_definition;cross_provider_protocol_equivalence;host_species;medium;protocol_id;replicate_count;sequence_scope;uncertainty_definition;yield_stage,individual_approximate_numeric_but_protocol_incomplete;cross_source_pooling_not_authorized;nb252_transfer_not_authorized,1.0.0
LTT__Q1,OBS__LTT__Q1,ASSAY__LTT,LTT,Q1,a6e4022f0978fbd70a0e04dc78f479140ab6f55caaa90b467fb77a62eb5db5d1,3d12738f35e235644506a2e02dc1345cd5736558b54a13dfe2e4de67c0805a67,unknown,provisional_numbered_domain,pass,06aba414eee7016ac493e964b8b7b732ff4a46ee74932be7e8043ba989bf08c2,,pending,reported_yield,Q1 ~3.4 mg,individual_approximate,approx,3.4,,,,,individual,True,,blocked,conditional,not_applicable,blocked,blocked,within_assay_numeric_exploratory,batch_id;construct_boundary_definition;cross_provider_protocol_equivalence;host_species;medium;protocol_id;replicate_count;sequence_scope;uncertainty_definition;yield_stage,individual_approximate_numeric_but_protocol_incomplete;cross_source_pooling_not_authorized;nb252_transfer_not_authorized,1.0.0
LTT__P26,OBS__LTT__P26,ASSAY__LTT,LTT,P26,a6e4022f0978fbd70a0e04dc78f479140ab6f55caaa90b467fb77a62eb5db5d1,ae9a8435f7d594837c8953062d9f871ca0d688e0b2292e818811dd0319575ff7,unknown,provisional_numbered_domain,pass,71b73c49f971bbd04e4eb7392fbcf2273944eced649110a1c4dd92b5f494a8d7,,pending,reported_yield,P26 ~2 mg,individual_approximate,approx,2,,,,,individual,True,,blocked,conditional,not_applicable,blocked,blocked,within_assay_numeric_exploratory,batch_id;construct_boundary_definition;cross_provider_protocol_equivalence;host_species;medium;protocol_id;replicate_count;sequence_scope;uncertainty_definition;yield_stage,individual_approximate_numeric_but_protocol_incomplete;cross_source_pooling_not_authorized;nb252_transfer_not_authorized,1.0.0
LTT__Q17,OBS__LTT__Q17,ASSAY__LTT,LTT,Q17,a6e4022f0978fbd70a0e04dc78f479140ab6f55caaa90b467fb77a62eb5db5d1,c74b77448049824694eb9056436f70cedf11d736f36e730b646c7877a57ca9c0,unknown,provisional_numbered_domain,pass,c6d1e78f17ba946923704ae4833aa1545fdc8e6220ef8a6e328e97c2c723472f,,pending,reported_yield,Q17 ~0.5 mg,individual_approximate,approx,0.5,,,,,individual,True,,blocked,conditional,not_applicable,blocked,blocked,within_assay_numeric_exploratory,batch_id;construct_boundary_definition;cross_provider_protocol_equivalence;host_species;medium;protocol_id;replicate_count;sequence_scope;uncertainty_definition;yield_stage,individual_approximate_numeric_but_protocol_incomplete;cross_source_pooling_not_authorized;nb252_transfer_not_authorized,1.0.0
LTT__P27,OBS__LTT__P27,ASSAY__LTT,LTT,P27,a6e4022f0978fbd70a0e04dc78f479140ab6f55caaa90b467fb77a62eb5db5d1,d3177d45937de5942eee358944d74c0be5bffcc1896389e19b1d1a2fcae90441,unknown,provisional_numbered_domain,pass,d93b7e4fe4c9b6ea84e97d6a86a210a37af0368808647a77d058bdd29a68ad31,,pending,reported_yield,P27 ~0.46 mg,individual_approximate,approx,0.46,,,,,individual,True,,blocked,conditional,not_applicable,blocked,blocked,within_assay_numeric_exploratory,batch_id;construct_boundary_definition;cross_provider_protocol_equivalence;host_species;medium;protocol_id;replicate_count;sequence_scope;uncertainty_definition;yield_stage,individual_approximate_numeric_but_protocol_incomplete;cross_source_pooling_not_authorized;nb252_transfer_not_authorized,1.0.0
LTT__S53,OBS__LTT__S53,ASSAY__LTT,LTT,S53,a6e4022f0978fbd70a0e04dc78f479140ab6f55caaa90b467fb77a62eb5db5d1,3e767a7079e7eee7fafb8dbfef5e751f30981accb6463f6178e035346244f6c3,unknown,provisional_numbered_domain,pass,36e58942399317d2357e9a9e8efc951fa629a2927e7715fb74f66e1e6827a8e0,wgqgt_motif_absent,pending,reported_yield,S53 ~16.7 mg,individual_approximate,approx,16.7,,,,,individual,True,,blocked,conditional,not_applicable,blocked,blocked,within_assay_numeric_exploratory,batch_id;construct_boundary_definition;cross_provider_protocol_equivalence;host_species;medium;protocol_id;replicate_count;sequence_scope;uncertainty_definition;yield_stage,individual_approximate_numeric_but_protocol_incomplete;cross_source_pooling_not_authorized;nb252_transfer_not_authorized,1.0.0
LTT__S31,OBS__LTT__S31,ASSAY__LTT,LTT,S31,a6e4022f0978fbd70a0e04dc78f479140ab6f55caaa90b467fb77a62eb5db5d1,3cd2dc40768955672746fcd9142323efd2d382f50e0aa981cf6170e2b1216237,unknown,provisional_numbered_domain,pass,c274898350a8f438b10997edb9f7642d0db386005895be1cdeaa0cb931e4db36,wgqgt_motif_absent,pending,reported_yield,S31 ~7.9 mg,individual_approximate,approx,7.9,,,,,individual,True,,blocked,conditional,not_applicable,blocked,blocked,within_assay_numeric_exploratory,batch_id;construct_boundary_definition;cross_provider_protocol_equivalence;host_species;medium;protocol_id;replicate_count;sequence_scope;uncertainty_definition;yield_stage,individual_approximate_numeric_but_protocol_incomplete;cross_source_pooling_not_authorized;nb252_transfer_not_authorized,1.0.0
LTT__S4,OBS__LTT__S4,ASSAY__LTT,LTT,S4,a6e4022f0978fbd70a0e04dc78f479140ab6f55caaa90b467fb77a62eb5db5d1,d1a5393ddac740dee11c5fd8798d9996e20bfe6c53d4fbda56019c785d1bd16d,unknown,provisional_numbered_domain,pass,faf204eeb59d96ecda31af2a043e350ceb0ddbda66fead444b179a26785a3751,,pending,reported_yield,S4 ~4.1 mg ,individual_approximate,approx,4.1,,,,,individual,True,,blocked,conditional,not_applicable,blocked,blocked,within_assay_numeric_exploratory,batch_id;construct_boundary_definition;cross_provider_protocol_equivalence;host_species;medium;protocol_id;replicate_count;sequence_scope;uncertainty_definition;yield_stage,individual_approximate_numeric_but_protocol_incomplete;cross_source_pooling_not_authorized;nb252_transfer_not_authorized,1.0.0
LTT__S19,OBS__LTT__S19,ASSAY__LTT,LTT,S19,a6e4022f0978fbd70a0e04dc78f479140ab6f55caaa90b467fb77a62eb5db5d1,8e9881f684682de82dbd7f67603c880d3189a42e0e75982fdc820df6108a0ee0,unknown,provisional_numbered_domain,pass,2a3de87c1c120249acd402314836ccff3df1df8e89b37607d69ef7ecd1e21995,wgqgt_motif_absent,pending,reported_yield,S19 ~3.5 mg ,individual_approximate,approx,3.5,,,,,individual,True,,blocked,conditional,not_applicable,blocked,blocked,within_assay_numeric_exploratory,batch_id;construct_boundary_definition;cross_provider_protocol_equivalence;host_species;medium;protocol_id;replicate_count;sequence_scope;uncertainty_definition;yield_stage,individual_approximate_numeric_but_protocol_incomplete;cross_source_pooling_not_authorized;nb252_transfer_not_authorized,1.0.0
LTT__S73,OBS__LTT__S73,ASSAY__LTT,LTT,S73,a6e4022f0978fbd70a0e04dc78f479140ab6f55caaa90b467fb77a62eb5db5d1,37ca6e745dcb572928b076c76711d7734ea9149a944d9d32eeac5fd577a6ccdc,unknown,provisional_numbered_domain,pass,7c61e93a74741961ef3086f71b088f9b187cbe4a214e238077aa0dd6123a45e1,,pending,reported_yield,S73 ~2.2 mg,individual_approximate,approx,2.2,,,,,individual,True,,blocked,conditional,not_applicable,blocked,blocked,within_assay_numeric_exploratory,batch_id;construct_boundary_definition;cross_provider_protocol_equivalence;host_species;medium;protocol_id;replicate_count;sequence_scope;uncertainty_definition;yield_stage,individual_approximate_numeric_but_protocol_incomplete;cross_source_pooling_not_authorized;nb252_transfer_not_authorized,1.0.0
LTT__S26,OBS__LTT__S26,ASSAY__LTT,LTT,S26,a6e4022f0978fbd70a0e04dc78f479140ab6f55caaa90b467fb77a62eb5db5d1,33eaab8ad82fafa49e718ca7271741b6163d0f4a9670f84361fcf49301cc6ef7,unknown,provisional_numbered_domain,pass,7a431ed45f2b1ffeb034b27706bbd7fa0047fd7d2acbdf896a257b5888ce3f81,wgqgt_motif_absent,pending,reported_yield,S26 ~1.2 mg,individual_approximate,approx,1.2,,,,,individual,True,,blocked,conditional,not_applicable,blocked,blocked,within_assay_numeric_exploratory,batch_id;construct_boundary_definition;cross_provider_protocol_equivalence;host_species;medium;protocol_id;replicate_count;sequence_scope;uncertainty_definition;yield_stage,individual_approximate_numeric_but_protocol_incomplete;cross_source_pooling_not_authorized;nb252_transfer_not_authorized,1.0.0
WCC__4-7,OBS__WCC__4-7,ASSAY__WCC,WCC,4-7,a6e4022f0978fbd70a0e04dc78f479140ab6f55caaa90b467fb77a62eb5db5d1,0fbb4596c8bccafcd48670f7316713a458b866c32b0ececcd880734744c732f2,unknown,provisional_numbered_domain,pass,51def8255bf3fee39febee0a9d7a8f485992cb66a677b3f8a3873d178fb47bd2,,pending,reported_yield,>4-7    1L TB纯化得到约15mg,individual_approximate,approx,15,,,,,individual,True,,blocked,conditional,not_applicable,blocked,blocked,within_assay_numeric_exploratory,batch_id;construct_boundary_definition;cross_provider_protocol_equivalence;host_species;protocol_id;replicate_count;sequence_scope;uncertainty_definition,individual_approximate_numeric_but_protocol_incomplete;cross_source_pooling_not_authorized;nb252_transfer_not_authorized,1.0.0
WCC__4-34,OBS__WCC__4-34,ASSAY__WCC,WCC,4-34,a6e4022f0978fbd70a0e04dc78f479140ab6f55caaa90b467fb77a62eb5db5d1,874f816eb5f5eef64172027048d9ada0bdca5599e6ed2fbc4ba1eb420980b6f1,unknown,provisional_numbered_domain,pass,30dcbc6e630107676fae6fd708e8b122c54de262a04f70ff4cfa306e91527b87,,pending,reported_yield,>4-34   1L TB纯化得到约11.3mg,individual_approximate,approx,11.3,,,,,individual,True,,blocked,conditional,not_applicable,blocked,blocked,within_assay_numeric_exploratory,batch_id;construct_boundary_definition;cross_provider_protocol_equivalence;host_species;protocol_id;replicate_count;sequence_scope;uncertainty_definition,individual_approximate_numeric_but_protocol_incomplete;cross_source_pooling_not_authorized;nb252_transfer_not_authorized,1.0.0
WCC__4-1,OBS__WCC__4-1,ASSAY__WCC,WCC,4-1,a6e4022f0978fbd70a0e04dc78f479140ab6f55caaa90b467fb77a62eb5db5d1,2b39ce7bc6025e86d7da6b0b5cf593acdfadec04a33c5a38209ae96702dcc866,unknown,provisional_numbered_domain,pass,ced25530e1a939c824a33a700d0a346c8515ff53efeff30f2b3a4d0370884cbb,short_literal_sequence_lt115;wgqgt_motif_absent,pending,reported_yield,>4-1    1L TB纯化得到约2mg,individual_approximate,approx,2,,,,,individual,True,,blocked,conditional,not_applicable,blocked,blocked,within_assay_numeric_exploratory,batch_id;construct_boundary_definition;cross_provider_protocol_equivalence;host_species;protocol_id;replicate_count;sequence_scope;uncertainty_definition,individual_approximate_numeric_but_protocol_incomplete;cross_source_pooling_not_authorized;nb252_transfer_not_authorized,1.0.0
WCC__4-28,OBS__WCC__4-28,ASSAY__WCC,WCC,4-28,a6e4022f0978fbd70a0e04dc78f479140ab6f55caaa90b467fb77a62eb5db5d1,3c5bf8e82ea4e933d862a41e4849932b19b2047ac86ef301c192b98bfddeb876,unknown,unresolved,failed,,short_literal_sequence_lt115;wgqgt_motif_absent,pending,reported_yield,>4-28    1L TB纯化得到约2mg,individual_approximate,approx,2,,,,,individual,True,,blocked,conditional,not_applicable,blocked,blocked,within_assay_numeric_exploratory,batch_id;construct_boundary_definition;cross_provider_protocol_equivalence;host_species;numbering_status;protocol_id;replicate_count;sequence_scope;uncertainty_definition,individual_approximate_numeric_but_protocol_incomplete;cross_source_pooling_not_authorized;nb252_transfer_not_authorized,1.0.0
WCC__4-11,OBS__WCC__4-11,ASSAY__WCC,WCC,4-11,a6e4022f0978fbd70a0e04dc78f479140ab6f55caaa90b467fb77a62eb5db5d1,f2341d2d8957eedc4aa5d54fd2d74604d64846295d82908bb5c1e901208d3358,unknown,provisional_numbered_domain,pass,3cc0fadf03929cb2ff844aa62ba62cedcf556379bf092b45b9fd7fb99ec142e8,short_literal_sequence_lt115;single_cysteine_literal_sequence;wgqgt_motif_absent,pending,reported_yield,>4-11    1L TB纯化得到约0.4mg,individual_approximate,approx,0.4,,,,,individual,True,,blocked,conditional,not_applicable,blocked,blocked,within_assay_numeric_exploratory,batch_id;construct_boundary_definition;cross_provider_protocol_equivalence;host_species;protocol_id;replicate_count;sequence_scope;uncertainty_definition,individual_approximate_numeric_but_protocol_incomplete;cross_source_pooling_not_authorized;nb252_transfer_not_authorized,1.0.0
WCC__4-40,OBS__WCC__4-40,ASSAY__WCC,WCC,4-40,a6e4022f0978fbd70a0e04dc78f479140ab6f55caaa90b467fb77a62eb5db5d1,29c4aabc39dcaa69b332678082ffa2a327ed2e026ce78a71b83766d722ba4c28,unknown,provisional_numbered_domain,pass,478d2704b9472962adc992e88d8aea7c3e4f289d6e135d3a17e8f3f0a5f14d84,wgqgt_motif_absent,pending,reported_yield,>4-40    1L TB纯化得到约0.3mg,individual_approximate,approx,0.3,,,,,individual,True,,blocked,conditional,not_applicable,blocked,blocked,within_assay_numeric_exploratory,batch_id;construct_boundary_definition;cross_provider_protocol_equivalence;host_species;protocol_id;replicate_count;sequence_scope;uncertainty_definition,individual_approximate_numeric_but_protocol_incomplete;cross_source_pooling_not_authorized;nb252_transfer_not_authorized,1.0.0
WCC__4-36,OBS__WCC__4-36,ASSAY__WCC,WCC,4-36,a6e4022f0978fbd70a0e04dc78f479140ab6f55caaa90b467fb77a62eb5db5d1,dd492b0f7322053ed6c1426e22214d013f5a6e3e4f2d19cfe51267170eb35627,unknown,provisional_numbered_domain,pass,55bab05c24bae88754385fb19d8e2a2a394d9015ae79e69df4d9ebaeebb87ad6,,pending,reported_yield,>4-36    1L TB纯化得到约0.2mg,individual_approximate,approx,0.2,,,,,individual,True,,blocked,conditional,not_applicable,blocked,blocked,within_assay_numeric_exploratory,batch_id;construct_boundary_definition;cross_provider_protocol_equivalence;host_species;protocol_id;replicate_count;sequence_scope;uncertainty_definition,individual_approximate_numeric_but_protocol_incomplete;cross_source_pooling_not_authorized;nb252_transfer_not_authorized,1.0.0
WCC__4-42,OBS__WCC__4-42,ASSAY__WCC,WCC,4-42,a6e4022f0978fbd70a0e04dc78f479140ab6f55caaa90b467fb77a62eb5db5d1,5004f2043d3fd0a6f9e36882617ef9b24dc288503650c0e59c5ecaf5477375f9,unknown,provisional_numbered_domain,pass,ffe2beabe5605bec10db002c282214fdacbe99968c4d404d1b4372cfb44ec704,wgqgt_motif_absent,pending,reported_yield,>4-42    1L TB纯化得到约0.2mg,individual_approximate,approx,0.2,,,,,individual,True,,blocked,conditional,not_applicable,blocked,blocked,within_assay_numeric_exploratory,batch_id;construct_boundary_definition;cross_provider_protocol_equivalence;host_species;protocol_id;replicate_count;sequence_scope;uncertainty_definition,individual_approximate_numeric_but_protocol_incomplete;cross_source_pooling_not_authorized;nb252_transfer_not_authorized,1.0.0
LLJ__1G7,OBS__LLJ__1G7,ASSAY__LLJ,LLJ,1G7,a6e4022f0978fbd70a0e04dc78f479140ab6f55caaa90b467fb77a62eb5db5d1,c2a63c428048f6bf8d38dbbe6a83e796cac48d22036d9d4caf000753d293cbe7,unknown,provisional_numbered_domain,pass,b28b6e5f56e8484c88c6f6d5b54d5e367fbf3527a8b2d38b82cd1e9b1492cad9,,pending,reported_yield,>20 mg,group_lower_bound,gt,,,20,False,,group,False,right_censored,blocked,blocked,conditional,blocked,blocked,within_assay_ordinal_exploratory,batch_id;construct_boundary_definition;cross_provider_protocol_equivalence;host_species;medium;protocol_id;replicate_count;sequence_scope;uncertainty_definition;yield_stage,group_level_label_not_continuous_target;ordinal_or_censored_use_only;cross_source_pooling_not_authorized;nb252_transfer_not_authorized,1.0.0
LLJ__2A4,OBS__LLJ__2A4,ASSAY__LLJ,LLJ,2A4,a6e4022f0978fbd70a0e04dc78f479140ab6f55caaa90b467fb77a62eb5db5d1,5632e4c0ef411be117dd9437bd5eaa2ef8b69b2a70cc72f301713975ff6c39b2,unknown,provisional_numbered_domain,pass,bc5efa70baaf12f40802c300c0b8f7463b5e3909cec854025ee10a0412dc6e34,,pending,reported_yield,>20 mg,group_lower_bound,gt,,,20,False,,group,False,right_censored,blocked,blocked,conditional,blocked,blocked,within_assay_ordinal_exploratory,batch_id;construct_boundary_definition;cross_provider_protocol_equivalence;host_species;medium;protocol_id;replicate_count;sequence_scope;uncertainty_definition;yield_stage,group_level_label_not_continuous_target;ordinal_or_censored_use_only;cross_source_pooling_not_authorized;nb252_transfer_not_authorized,1.0.0
LLJ__2C8,OBS__LLJ__2C8,ASSAY__LLJ,LLJ,2C8,a6e4022f0978fbd70a0e04dc78f479140ab6f55caaa90b467fb77a62eb5db5d1,fee33ae1caa961a5f387733c6fc4bdbd3821213920e317131abe4b2144e80abe,unknown,provisional_numbered_domain,pass,a45a7ae191f8217a9187de0b7aed96a0924bc8ceb4eb27185d63822545add286,,pending,reported_yield,>20 mg,group_lower_bound,gt,,,20,False,,group,False,right_censored,blocked,blocked,conditional,blocked,blocked,within_assay_ordinal_exploratory,batch_id;construct_boundary_definition;cross_provider_protocol_equivalence;host_species;medium;protocol_id;replicate_count;sequence_scope;uncertainty_definition;yield_stage,group_level_label_not_continuous_target;ordinal_or_censored_use_only;cross_source_pooling_not_authorized;nb252_transfer_not_authorized,1.0.0
LLJ__1E2,OBS__LLJ__1E2,ASSAY__LLJ,LLJ,1E2,a6e4022f0978fbd70a0e04dc78f479140ab6f55caaa90b467fb77a62eb5db5d1,e2d1716daf1aa6af6aa4177d02e95798bb04017f2780ff4c6e8204a45c9596ad,unknown,provisional_numbered_domain,pass,a1d3bc834093d8f038f8f4a9fdadf49633f2b239ab5b8d93584f17999cd0ab0f,,pending,reported_yield,>20 mg,group_lower_bound,gt,,,20,False,,group,False,right_censored,blocked,blocked,conditional,blocked,blocked,within_assay_ordinal_exploratory,batch_id;construct_boundary_definition;cross_provider_protocol_equivalence;host_species;medium;protocol_id;replicate_count;sequence_scope;uncertainty_definition;yield_stage,group_level_label_not_continuous_target;ordinal_or_censored_use_only;cross_source_pooling_not_authorized;nb252_transfer_not_authorized,1.0.0
LLJ__2E11,OBS__LLJ__2E11,ASSAY__LLJ,LLJ,2E11,a6e4022f0978fbd70a0e04dc78f479140ab6f55caaa90b467fb77a62eb5db5d1,4fd0edeac7e7f600c2faaed87ddf350f4738dc70f2f94d168775d6772fa21b71,unknown,provisional_numbered_domain,pass,3721efc4aff8e792c63be169f9952ee7de315a23b4f804999116bddd92a27d3c,,pending,reported_yield,>20 mg,group_lower_bound,gt,,,20,False,,group,False,right_censored,blocked,blocked,conditional,blocked,blocked,within_assay_ordinal_exploratory,batch_id;construct_boundary_definition;cross_provider_protocol_equivalence;host_species;medium;protocol_id;replicate_count;sequence_scope;uncertainty_definition;yield_stage,group_level_label_not_continuous_target;ordinal_or_censored_use_only;cross_source_pooling_not_authorized;nb252_transfer_not_authorized,1.0.0
LLJ__1H7,OBS__LLJ__1H7,ASSAY__LLJ,LLJ,1H7,a6e4022f0978fbd70a0e04dc78f479140ab6f55caaa90b467fb77a62eb5db5d1,4caff40bc091e221f5c26f5d182dc7d84d3dd37c35990c24310a8c23b9a8768d,unknown,provisional_numbered_domain,pass,5deab07e76e9bcc9264f988f6f10d1ec177dedd60cd193e13ab6d7011ed9ad02,,pending,reported_yield,>20 mg,group_lower_bound,gt,,,20,False,,group,False,right_censored,blocked,blocked,conditional,blocked,blocked,within_assay_ordinal_exploratory,batch_id;construct_boundary_definition;cross_provider_protocol_equivalence;host_species;medium;protocol_id;replicate_count;sequence_scope;uncertainty_definition;yield_stage,group_level_label_not_continuous_target;ordinal_or_censored_use_only;cross_source_pooling_not_authorized;nb252_transfer_not_authorized,1.0.0
LLJ__2C6,OBS__LLJ__2C6,ASSAY__LLJ,LLJ,2C6,a6e4022f0978fbd70a0e04dc78f479140ab6f55caaa90b467fb77a62eb5db5d1,b83a56e9355cf228a39f156e9b6e915f47ec3cf9e9e6306b3825ef735036833b,unknown,provisional_numbered_domain,pass,fea6a6d6528d9e070a95e88c11247bddca99dfa85b73164864a93328c38e3ce3,,pending,reported_yield,>20 mg,group_lower_bound,gt,,,20,False,,group,False,right_censored,blocked,blocked,conditional,blocked,blocked,within_assay_ordinal_exploratory,batch_id;construct_boundary_definition;cross_provider_protocol_equivalence;host_species;medium;protocol_id;replicate_count;sequence_scope;uncertainty_definition;yield_stage,group_level_label_not_continuous_target;ordinal_or_censored_use_only;cross_source_pooling_not_authorized;nb252_transfer_not_authorized,1.0.0
LLJ__2E2,OBS__LLJ__2E2,ASSAY__LLJ,LLJ,2E2,a6e4022f0978fbd70a0e04dc78f479140ab6f55caaa90b467fb77a62eb5db5d1,b9fe75eccd1a2ec79e36c68768168949170880fb9e24c56a7144170b493a399f,unknown,provisional_numbered_domain,pass,7c5a21dacbe5e2a41f96f99f966f500e192c8be29e812ca7f590f6d7f2363314,,pending,reported_yield,>20 mg,group_lower_bound,gt,,,20,False,,group,False,right_censored,blocked,blocked,conditional,blocked,blocked,within_assay_ordinal_exploratory,batch_id;construct_boundary_definition;cross_provider_protocol_equivalence;host_species;medium;protocol_id;replicate_count;sequence_scope;uncertainty_definition;yield_stage,group_level_label_not_continuous_target;ordinal_or_censored_use_only;cross_source_pooling_not_authorized;nb252_transfer_not_authorized,1.0.0
LLJ__1G11,OBS__LLJ__1G11,ASSAY__LLJ,LLJ,1G11,a6e4022f0978fbd70a0e04dc78f479140ab6f55caaa90b467fb77a62eb5db5d1,676df723071f4e625288e733d2f8b34d1081b76fd69c21ec0f738f3417f8d5c2,unknown,provisional_numbered_domain,pass,cb896a7cf59a3c5cb8a0aa99a25c74dc43e5c720594bc5e56fef76d27da739b7,,pending,reported_yield,>20 mg,group_lower_bound,gt,,,20,False,,group,False,right_censored,blocked,blocked,conditional,blocked,blocked,within_assay_ordinal_exploratory,batch_id;construct_boundary_definition;cross_provider_protocol_equivalence;host_species;medium;protocol_id;replicate_count;sequence_scope;uncertainty_definition;yield_stage,group_level_label_not_continuous_target;ordinal_or_censored_use_only;cross_source_pooling_not_authorized;nb252_transfer_not_authorized,1.0.0
LLJ__1H6,OBS__LLJ__1H6,ASSAY__LLJ,LLJ,1H6,a6e4022f0978fbd70a0e04dc78f479140ab6f55caaa90b467fb77a62eb5db5d1,75c68b32aca46a67b7f8192e3d8f08cc338a57330a6e1251d1134b29092fc464,unknown,provisional_numbered_domain,pass,e6e56342f18facd7b31026da1623812c2da31c9414edfc7125aea046568cfbc4,,pending,reported_yield,~ 10 mg,group_approximate,approx,,10,,,,group,False,,blocked,blocked,conditional,blocked,blocked,within_assay_ordinal_exploratory,batch_id;construct_boundary_definition;cross_provider_protocol_equivalence;host_species;medium;protocol_id;replicate_count;sequence_scope;uncertainty_definition;yield_stage,group_level_label_not_continuous_target;ordinal_or_censored_use_only;cross_source_pooling_not_authorized;nb252_transfer_not_authorized,1.0.0
LLJ__1F12,OBS__LLJ__1F12,ASSAY__LLJ,LLJ,1F12,a6e4022f0978fbd70a0e04dc78f479140ab6f55caaa90b467fb77a62eb5db5d1,158f8a5d172291bc71e6bb39def4335e7cc37839c4984a4598d8fe255327ce9e,unknown,provisional_numbered_domain,pass,a00ef36eccaa42a88a7f6df2ff3e9d1bf5e01b10c197c94ad8ca4c558ce2372c,,pending,reported_yield,~ 10 mg,group_approximate,approx,,10,,,,group,False,,blocked,blocked,conditional,blocked,blocked,within_assay_ordinal_exploratory,batch_id;construct_boundary_definition;cross_provider_protocol_equivalence;host_species;medium;protocol_id;replicate_count;sequence_scope;uncertainty_definition;yield_stage,group_level_label_not_continuous_target;ordinal_or_censored_use_only;cross_source_pooling_not_authorized;nb252_transfer_not_authorized,1.0.0
LLJ__2H8,OBS__LLJ__2H8,ASSAY__LLJ,LLJ,2H8,a6e4022f0978fbd70a0e04dc78f479140ab6f55caaa90b467fb77a62eb5db5d1,441a4527e34a1e9b429b389eed4e27c1bce2216331227f9acbb7476a997b79ff,unknown,provisional_numbered_domain,pass,64fd721c6dd1607223ab600a37265e0cb46ac9ee8bfb70ddceec3b3e818f9a0e,,pending,reported_yield,~ 10 mg,group_approximate,approx,,10,,,,group,False,,blocked,blocked,conditional,blocked,blocked,within_assay_ordinal_exploratory,batch_id;construct_boundary_definition;cross_provider_protocol_equivalence;host_species;medium;protocol_id;replicate_count;sequence_scope;uncertainty_definition;yield_stage,group_level_label_not_continuous_target;ordinal_or_censored_use_only;cross_source_pooling_not_authorized;nb252_transfer_not_authorized,1.0.0
LLJ__1B11,OBS__LLJ__1B11,ASSAY__LLJ,LLJ,1B11,a6e4022f0978fbd70a0e04dc78f479140ab6f55caaa90b467fb77a62eb5db5d1,7aebcbb2c68d48fdbe74388e3bfa86e0edb3507e6a8aa43cdb47e19a5df77d94,unknown,provisional_numbered_domain,pass,f9a609bf1a575b1170081379ca4dd74bb3f349d244e67198b23cb9a3f01eea90,,pending,reported_yield,~ 10 mg,group_approximate,approx,,10,,,,group,False,,blocked,blocked,conditional,blocked,blocked,within_assay_ordinal_exploratory,batch_id;construct_boundary_definition;cross_provider_protocol_equivalence;host_species;medium;protocol_id;replicate_count;sequence_scope;uncertainty_definition;yield_stage,group_level_label_not_continuous_target;ordinal_or_censored_use_only;cross_source_pooling_not_authorized;nb252_transfer_not_authorized,1.0.0
LLJ__2F12,OBS__LLJ__2F12,ASSAY__LLJ,LLJ,2F12,a6e4022f0978fbd70a0e04dc78f479140ab6f55caaa90b467fb77a62eb5db5d1,3fd8d914b8c1c175da8217f2ddba16fa01e4127dc9d01979c00c1758766ca36f,unknown,provisional_numbered_domain,pass,4efad6baf4fc5a8170d9a0b5c2a7cc166c4e6e45ba3c72f51c81e9c6a94f61d1,,pending,reported_yield,~ 10 mg,group_approximate,approx,,10,,,,group,False,,blocked,blocked,conditional,blocked,blocked,within_assay_ordinal_exploratory,batch_id;construct_boundary_definition;cross_provider_protocol_equivalence;host_species;medium;protocol_id;replicate_count;sequence_scope;uncertainty_definition;yield_stage,group_level_label_not_continuous_target;ordinal_or_censored_use_only;cross_source_pooling_not_authorized;nb252_transfer_not_authorized,1.0.0
LLJ__2G7,OBS__LLJ__2G7,ASSAY__LLJ,LLJ,2G7,a6e4022f0978fbd70a0e04dc78f479140ab6f55caaa90b467fb77a62eb5db5d1,9bd838fb19011ea69e6e327629ca09e72681c64440448b0a97cd0e551573ed9a,unknown,provisional_numbered_domain,pass,6ef97bf6a0345a9a345d68cab7e423de03131c6c80375ba1534810841be3e36c,,pending,reported_yield,~ 10 mg,group_approximate,approx,,10,,,,group,False,,blocked,blocked,conditional,blocked,blocked,within_assay_ordinal_exploratory,batch_id;construct_boundary_definition;cross_provider_protocol_equivalence;host_species;medium;protocol_id;replicate_count;sequence_scope;uncertainty_definition;yield_stage,group_level_label_not_continuous_target;ordinal_or_censored_use_only;cross_source_pooling_not_authorized;nb252_transfer_not_authorized,1.0.0
LLJ__1G4,OBS__LLJ__1G4,ASSAY__LLJ,LLJ,1G4,a6e4022f0978fbd70a0e04dc78f479140ab6f55caaa90b467fb77a62eb5db5d1,413068b9bf60e75a40e4a370fef19a4f7adb6e4c1e0576c57bcf5f6f59f691c8,unknown,provisional_numbered_domain,pass,7d66b2e5bfd30fa0169b65e118e7b9dfc38f136e188f5bc0d3c9f0c98825d110,,pending,reported_yield,~ 2 mg,group_approximate,approx,,2,,,,group,False,,blocked,blocked,conditional,blocked,blocked,within_assay_ordinal_exploratory,batch_id;construct_boundary_definition;cross_provider_protocol_equivalence;host_species;medium;protocol_id;replicate_count;sequence_scope;uncertainty_definition;yield_stage,group_level_label_not_continuous_target;ordinal_or_censored_use_only;cross_source_pooling_not_authorized;nb252_transfer_not_authorized,1.0.0
