v3_double_plan_order_not_efficacy_rank,double_candidate_id,mutation_set,property_review_class,moderate_or_strong_favorable_metric_count,moderate_adverse_metric_count,strong_adverse_metric_count,machine_structure_triage_status,machine_structure_triage_triggers,detailed_expert_review_required,detailed_expert_review_reasons,hard_sequence_risk_flags,soft_sequence_risk_flags,stable_word_effect,contains_t99f_stable_word_exploration_parent,final_double_selection_status
1,Nb252_v3_double_L11Y__F30S,L11Y;F30S,property_supported_no_moderate_or_strong_adverse,2,0,0,detailed_review_triggered,includes_experimental_missing_coordinate_site,True,includes_experimental_missing_coordinate_site|property_supported_candidate_requires_expert_review,,,unchanged,False,not_performed
2,Nb252_v3_double_L11Y__K86S,L11Y;K86S,property_supported_no_moderate_or_strong_adverse,3,0,0,detailed_review_triggered,includes_experimental_missing_coordinate_site,True,includes_experimental_missing_coordinate_site|property_supported_candidate_requires_expert_review,,,unchanged,False,not_performed
3,Nb252_v3_double_L11Y__A23R,L11Y;A23R,property_supported_no_moderate_or_strong_adverse,1,0,0,detailed_review_triggered,includes_experimental_missing_coordinate_site,True,includes_experimental_missing_coordinate_site|property_supported_candidate_requires_expert_review,,,unchanged,False,not_performed
4,Nb252_v3_double_L11Y__Q5V,L11Y;Q5V,property_supported_no_moderate_or_strong_adverse,2,0,0,detailed_review_triggered,includes_experimental_missing_coordinate_site,True,includes_experimental_missing_coordinate_site|property_supported_candidate_requires_expert_review,,,unchanged,False,not_performed
5,Nb252_v3_double_L11Y__S55G,L11Y;S55G,property_supported_no_moderate_or_strong_adverse,2,0,0,detailed_review_triggered,includes_experimental_missing_coordinate_site,True,includes_experimental_missing_coordinate_site|property_supported_candidate_requires_expert_review,,,unchanged,False,not_performed
6,Nb252_v3_double_L11Y__K75A,L11Y;K75A,property_supported_no_moderate_or_strong_adverse,2,0,0,detailed_review_triggered,includes_experimental_missing_coordinate_site,True,includes_experimental_missing_coordinate_site|property_supported_candidate_requires_expert_review,,,unchanged,False,not_performed
7,Nb252_v3_double_L11Y__F29Q,L11Y;F29Q,property_supported_no_moderate_or_strong_adverse,1,0,0,detailed_review_triggered,includes_experimental_missing_coordinate_site,True,includes_experimental_missing_coordinate_site|property_supported_candidate_requires_expert_review,,,unchanged,False,not_performed
8,Nb252_v3_double_L11Y__K43A,L11Y;K43A,property_supported_no_moderate_or_strong_adverse,1,0,0,detailed_review_triggered,includes_experimental_missing_coordinate_site,True,includes_experimental_missing_coordinate_site|property_supported_candidate_requires_expert_review,,,unchanged,False,not_performed
9,Nb252_v3_double_L11Y__N76G,L11Y;N76G,no_moderate_or_strong_positive_metric,0,0,0,detailed_review_triggered,includes_experimental_missing_coordinate_site,True,includes_experimental_missing_coordinate_site,,,unchanged,False,not_performed
10,Nb252_v3_double_L11Y__F30N,L11Y;F30N,property_supported_no_moderate_or_strong_adverse,2,0,0,detailed_review_triggered,includes_experimental_missing_coordinate_site,True,includes_experimental_missing_coordinate_site|property_supported_candidate_requires_expert_review,,new_deamidation_motif,unchanged,False,not_performed
11,Nb252_v3_double_L11Y__K75E,L11Y;K75E,property_supported_no_moderate_or_strong_adverse,2,0,0,detailed_review_triggered,includes_experimental_missing_coordinate_site,True,includes_experimental_missing_coordinate_site|property_supported_candidate_requires_expert_review,,,unchanged,False,not_performed
12,Nb252_v3_double_L11Y__Q1D,L11Y;Q1D,property_supported_no_moderate_or_strong_adverse,2,0,0,detailed_review_triggered,includes_experimental_missing_coordinate_site,True,includes_experimental_missing_coordinate_site|property_supported_candidate_requires_expert_review,,,unchanged,False,not_performed
13,Nb252_v3_double_L11Y__T99F,L11Y;T99F,no_moderate_or_strong_positive_metric,0,0,0,detailed_review_triggered,contains_user_directed_T99F_exploration|includes_experimental_missing_coordinate_site|includes_hard_interface_shell_site,True,contains_user_directed_T99F_exploration|includes_experimental_missing_coordinate_site|includes_hard_interface_shell_site,,,gain_only,True,not_performed
14,Nb252_v3_double_F30S__K86S,F30S;K86S,property_supported_no_moderate_or_strong_adverse,2,0,0,routine_context_recorded,,True,property_supported_candidate_requires_expert_review,,,unchanged,False,not_performed
15,Nb252_v3_double_F30S__A23R,F30S;A23R,property_supported_no_moderate_or_strong_adverse,1,0,0,routine_context_recorded,,True,property_supported_candidate_requires_expert_review,,,unchanged,False,not_performed
16,Nb252_v3_double_F30S__Q5V,F30S;Q5V,property_supported_no_moderate_or_strong_adverse,3,0,0,routine_context_recorded,,True,property_supported_candidate_requires_expert_review,,,unchanged,False,not_performed
17,Nb252_v3_double_F30S__S55G,F30S;S55G,property_supported_no_moderate_or_strong_adverse,2,0,0,routine_context_recorded,,True,property_supported_candidate_requires_expert_review,,,unchanged,False,not_performed
18,Nb252_v3_double_F30S__K75A,F30S;K75A,property_supported_no_moderate_or_strong_adverse,1,0,0,routine_context_recorded,,True,property_supported_candidate_requires_expert_review,,,unchanged,False,not_performed
19,Nb252_v3_double_F30S__F29Q,F30S;F29Q,no_moderate_or_strong_positive_metric,0,0,0,detailed_review_triggered,includes_experimental_missing_coordinate_site|sites_share_direct_local_4p5A_neighborhood,True,includes_experimental_missing_coordinate_site|sites_share_direct_local_4p5A_neighborhood,,,unchanged,False,not_performed
20,Nb252_v3_double_F30S__K43A,F30S;K43A,property_supported_no_moderate_or_strong_adverse,1,0,0,routine_context_recorded,,True,property_supported_candidate_requires_expert_review,,,unchanged,False,not_performed
21,Nb252_v3_double_F30S__N76G,F30S;N76G,property_supported_no_moderate_or_strong_adverse,1,0,0,routine_context_recorded,,True,property_supported_candidate_requires_expert_review,,,unchanged,False,not_performed
22,Nb252_v3_double_F30S__K75E,F30S;K75E,property_supported_no_moderate_or_strong_adverse,2,0,0,routine_context_recorded,,True,property_supported_candidate_requires_expert_review,,,unchanged,False,not_performed
23,Nb252_v3_double_F30S__L11M,F30S;L11M,property_supported_no_moderate_or_strong_adverse,2,0,0,detailed_review_triggered,includes_experimental_missing_coordinate_site,True,includes_experimental_missing_coordinate_site|property_supported_candidate_requires_expert_review,,more_M_or_W,unchanged,False,not_performed
24,Nb252_v3_double_F30S__Q1D,F30S;Q1D,property_supported_no_moderate_or_strong_adverse,2,0,0,routine_context_recorded,,True,property_supported_candidate_requires_expert_review,,,unchanged,False,not_performed
25,Nb252_v3_double_F30S__T99F,F30S;T99F,property_supported_no_moderate_or_strong_adverse,1,0,0,detailed_review_triggered,contains_user_directed_T99F_exploration|includes_hard_interface_shell_site,True,contains_user_directed_T99F_exploration|includes_hard_interface_shell_site|property_supported_candidate_requires_expert_review,,,gain_only,True,not_performed
26,Nb252_v3_double_K86S__A23R,K86S;A23R,property_supported_no_moderate_or_strong_adverse,1,0,0,routine_context_recorded,,True,property_supported_candidate_requires_expert_review,,,unchanged,False,not_performed
27,Nb252_v3_double_K86S__Q5V,K86S;Q5V,property_supported_no_moderate_or_strong_adverse,3,0,0,routine_context_recorded,,True,property_supported_candidate_requires_expert_review,,,unchanged,False,not_performed
28,Nb252_v3_double_K86S__S55G,K86S;S55G,property_supported_no_moderate_or_strong_adverse,2,0,0,routine_context_recorded,,True,property_supported_candidate_requires_expert_review,,,unchanged,False,not_performed
29,Nb252_v3_double_K86S__K75A,K86S;K75A,property_supported_with_moderate_adverse_tradeoff,1,1,0,routine_context_recorded,,True,property_supported_candidate_requires_expert_review,,,unchanged,False,not_performed
30,Nb252_v3_double_K86S__F29Q,K86S;F29Q,property_supported_no_moderate_or_strong_adverse,1,0,0,detailed_review_triggered,includes_experimental_missing_coordinate_site,True,includes_experimental_missing_coordinate_site|property_supported_candidate_requires_expert_review,,,unchanged,False,not_performed
31,Nb252_v3_double_K86S__K43A,K86S;K43A,property_supported_no_moderate_or_strong_adverse,2,0,0,routine_context_recorded,,True,property_supported_candidate_requires_expert_review,,,unchanged,False,not_performed
32,Nb252_v3_double_K86S__N76G,K86S;N76G,property_supported_no_moderate_or_strong_adverse,1,0,0,routine_context_recorded,,True,property_supported_candidate_requires_expert_review,,,unchanged,False,not_performed
33,Nb252_v3_double_K86S__F30N,K86S;F30N,property_supported_no_moderate_or_strong_adverse,3,0,0,routine_context_recorded,,True,property_supported_candidate_requires_expert_review,,new_deamidation_motif,unchanged,False,not_performed
34,Nb252_v3_double_K86S__K75E,K86S;K75E,property_supported_no_moderate_or_strong_adverse,2,0,0,routine_context_recorded,,True,property_supported_candidate_requires_expert_review,,,unchanged,False,not_performed
35,Nb252_v3_double_K86S__L11M,K86S;L11M,property_supported_no_moderate_or_strong_adverse,3,0,0,detailed_review_triggered,includes_experimental_missing_coordinate_site,True,includes_experimental_missing_coordinate_site|property_supported_candidate_requires_expert_review,,more_M_or_W,unchanged,False,not_performed
36,Nb252_v3_double_K86S__Q1D,K86S;Q1D,property_supported_no_moderate_or_strong_adverse,2,0,0,routine_context_recorded,,True,property_supported_candidate_requires_expert_review,,,unchanged,False,not_performed
37,Nb252_v3_double_K86S__T99F,K86S;T99F,property_supported_no_moderate_or_strong_adverse,1,0,0,detailed_review_triggered,contains_user_directed_T99F_exploration|includes_hard_interface_shell_site,True,contains_user_directed_T99F_exploration|includes_hard_interface_shell_site|property_supported_candidate_requires_expert_review,,,gain_only,True,not_performed
38,Nb252_v3_double_A23R__Q5V,A23R;Q5V,property_supported_no_moderate_or_strong_adverse,1,0,0,detailed_review_triggered,sites_share_direct_local_4p5A_neighborhood,True,sites_share_direct_local_4p5A_neighborhood|property_supported_candidate_requires_expert_review,,,unchanged,False,not_performed
39,Nb252_v3_double_A23R__S55G,A23R;S55G,property_supported_no_moderate_or_strong_adverse,2,0,0,routine_context_recorded,,True,property_supported_candidate_requires_expert_review,,,unchanged,False,not_performed
40,Nb252_v3_double_A23R__K75A,A23R;K75A,property_supported_no_moderate_or_strong_adverse,1,0,0,routine_context_recorded,,True,property_supported_candidate_requires_expert_review,,,unchanged,False,not_performed
41,Nb252_v3_double_A23R__F29Q,A23R;F29Q,property_supported_no_moderate_or_strong_adverse,1,0,0,detailed_review_triggered,includes_experimental_missing_coordinate_site,True,includes_experimental_missing_coordinate_site|property_supported_candidate_requires_expert_review,,,unchanged,False,not_performed
42,Nb252_v3_double_A23R__K43A,A23R;K43A,property_supported_no_moderate_or_strong_adverse,1,0,0,routine_context_recorded,,True,property_supported_candidate_requires_expert_review,,,unchanged,False,not_performed
43,Nb252_v3_double_A23R__N76G,A23R;N76G,property_supported_no_moderate_or_strong_adverse,1,0,0,detailed_review_triggered,sites_share_direct_local_4p5A_neighborhood,True,sites_share_direct_local_4p5A_neighborhood|property_supported_candidate_requires_expert_review,,,unchanged,False,not_performed
44,Nb252_v3_double_A23R__F30N,A23R;F30N,property_supported_no_moderate_or_strong_adverse,2,0,0,routine_context_recorded,,True,property_supported_candidate_requires_expert_review,,new_deamidation_motif,unchanged,False,not_performed
45,Nb252_v3_double_A23R__K75E,A23R;K75E,property_supported_no_moderate_or_strong_adverse,1,0,0,routine_context_recorded,,True,property_supported_candidate_requires_expert_review,,,unchanged,False,not_performed
46,Nb252_v3_double_A23R__L11M,A23R;L11M,property_supported_no_moderate_or_strong_adverse,2,0,0,detailed_review_triggered,includes_experimental_missing_coordinate_site,True,includes_experimental_missing_coordinate_site|property_supported_candidate_requires_expert_review,,more_M_or_W,unchanged,False,not_performed
47,Nb252_v3_double_A23R__Q1D,A23R;Q1D,property_supported_no_moderate_or_strong_adverse,1,0,0,routine_context_recorded,,True,property_supported_candidate_requires_expert_review,,,unchanged,False,not_performed
48,Nb252_v3_double_A23R__T99F,A23R;T99F,property_supported_no_moderate_or_strong_adverse,1,0,0,detailed_review_triggered,contains_user_directed_T99F_exploration|includes_hard_interface_shell_site,True,contains_user_directed_T99F_exploration|includes_hard_interface_shell_site|property_supported_candidate_requires_expert_review,,,gain_only,True,not_performed
49,Nb252_v3_double_Q5V__S55G,Q5V;S55G,property_supported_no_moderate_or_strong_adverse,1,0,0,routine_context_recorded,,True,property_supported_candidate_requires_expert_review,,,unchanged,False,not_performed
50,Nb252_v3_double_Q5V__K75A,Q5V;K75A,property_supported_no_moderate_or_strong_adverse,1,0,0,routine_context_recorded,,True,property_supported_candidate_requires_expert_review,,,unchanged,False,not_performed
51,Nb252_v3_double_Q5V__F29Q,Q5V;F29Q,property_supported_with_moderate_adverse_tradeoff,1,1,0,detailed_review_triggered,includes_experimental_missing_coordinate_site,True,includes_experimental_missing_coordinate_site|property_supported_candidate_requires_expert_review,,,unchanged,False,not_performed
52,Nb252_v3_double_Q5V__K43A,Q5V;K43A,property_supported_no_moderate_or_strong_adverse,2,0,0,routine_context_recorded,,True,property_supported_candidate_requires_expert_review,,,unchanged,False,not_performed
53,Nb252_v3_double_Q5V__N76G,Q5V;N76G,property_supported_no_moderate_or_strong_adverse,2,0,0,routine_context_recorded,,True,property_supported_candidate_requires_expert_review,,,unchanged,False,not_performed
54,Nb252_v3_double_Q5V__F30N,Q5V;F30N,property_supported_no_moderate_or_strong_adverse,2,0,0,routine_context_recorded,,True,property_supported_candidate_requires_expert_review,,new_deamidation_motif,unchanged,False,not_performed
55,Nb252_v3_double_Q5V__K75E,Q5V;K75E,property_supported_no_moderate_or_strong_adverse,1,0,0,routine_context_recorded,,True,property_supported_candidate_requires_expert_review,,,unchanged,False,not_performed
56,Nb252_v3_double_Q5V__L11M,Q5V;L11M,property_supported_no_moderate_or_strong_adverse,1,0,0,detailed_review_triggered,includes_experimental_missing_coordinate_site,True,includes_experimental_missing_coordinate_site|property_supported_candidate_requires_expert_review,,more_M_or_W,unchanged,False,not_performed
57,Nb252_v3_double_Q5V__Q1D,Q5V;Q1D,property_supported_no_moderate_or_strong_adverse,2,0,0,routine_context_recorded,,True,property_supported_candidate_requires_expert_review,,,unchanged,False,not_performed
58,Nb252_v3_double_Q5V__T99F,Q5V;T99F,property_supported_no_moderate_or_strong_adverse,1,0,0,detailed_review_triggered,contains_user_directed_T99F_exploration|includes_hard_interface_shell_site,True,contains_user_directed_T99F_exploration|includes_hard_interface_shell_site|property_supported_candidate_requires_expert_review,,,gain_only,True,not_performed
59,Nb252_v3_double_S55G__K75A,S55G;K75A,property_supported_no_moderate_or_strong_adverse,1,0,0,routine_context_recorded,,True,property_supported_candidate_requires_expert_review,,,unchanged,False,not_performed
60,Nb252_v3_double_S55G__F29Q,S55G;F29Q,property_supported_no_moderate_or_strong_adverse,1,0,0,detailed_review_triggered,includes_experimental_missing_coordinate_site,True,includes_experimental_missing_coordinate_site|property_supported_candidate_requires_expert_review,,,unchanged,False,not_performed
61,Nb252_v3_double_S55G__K43A,S55G;K43A,property_supported_no_moderate_or_strong_adverse,3,0,0,routine_context_recorded,,True,property_supported_candidate_requires_expert_review,,,unchanged,False,not_performed
62,Nb252_v3_double_S55G__N76G,S55G;N76G,property_supported_no_moderate_or_strong_adverse,1,0,0,routine_context_recorded,,True,property_supported_candidate_requires_expert_review,,,unchanged,False,not_performed
63,Nb252_v3_double_S55G__F30N,S55G;F30N,property_supported_no_moderate_or_strong_adverse,3,0,0,routine_context_recorded,,True,property_supported_candidate_requires_expert_review,,new_deamidation_motif,unchanged,False,not_performed
64,Nb252_v3_double_S55G__K75E,S55G;K75E,property_supported_no_moderate_or_strong_adverse,1,0,0,routine_context_recorded,,True,property_supported_candidate_requires_expert_review,,,unchanged,False,not_performed
65,Nb252_v3_double_S55G__L11M,S55G;L11M,property_supported_no_moderate_or_strong_adverse,2,0,0,detailed_review_triggered,includes_experimental_missing_coordinate_site,True,includes_experimental_missing_coordinate_site|property_supported_candidate_requires_expert_review,,more_M_or_W,unchanged,False,not_performed
66,Nb252_v3_double_S55G__Q1D,S55G;Q1D,property_supported_no_moderate_or_strong_adverse,2,0,0,routine_context_recorded,,True,property_supported_candidate_requires_expert_review,,,unchanged,False,not_performed
67,Nb252_v3_double_S55G__T99F,S55G;T99F,property_supported_no_moderate_or_strong_adverse,1,0,0,detailed_review_triggered,contains_user_directed_T99F_exploration|includes_hard_interface_shell_site,True,contains_user_directed_T99F_exploration|includes_hard_interface_shell_site|property_supported_candidate_requires_expert_review,,,gain_only,True,not_performed
68,Nb252_v3_double_K75A__F29Q,K75A;F29Q,property_supported_with_moderate_adverse_tradeoff,1,1,0,detailed_review_triggered,includes_experimental_missing_coordinate_site,True,includes_experimental_missing_coordinate_site|property_supported_candidate_requires_expert_review,,,unchanged,False,not_performed
69,Nb252_v3_double_K75A__K43A,K75A;K43A,strong_adverse_property_requires_review,1,0,1,routine_context_recorded,,True,property_supported_candidate_requires_expert_review,,,unchanged,False,not_performed
70,Nb252_v3_double_K75A__N76G,K75A;N76G,property_supported_with_moderate_adverse_tradeoff,1,1,0,detailed_review_triggered,sites_share_direct_local_4p5A_neighborhood,True,sites_share_direct_local_4p5A_neighborhood|property_supported_candidate_requires_expert_review,,,unchanged,False,not_performed
71,Nb252_v3_double_K75A__F30N,K75A;F30N,property_supported_no_moderate_or_strong_adverse,1,0,0,routine_context_recorded,,True,property_supported_candidate_requires_expert_review,,new_deamidation_motif,unchanged,False,not_performed
72,Nb252_v3_double_K75A__L11M,K75A;L11M,property_supported_no_moderate_or_strong_adverse,1,0,0,detailed_review_triggered,includes_experimental_missing_coordinate_site,True,includes_experimental_missing_coordinate_site|property_supported_candidate_requires_expert_review,,more_M_or_W,unchanged,False,not_performed
73,Nb252_v3_double_K75A__Q1D,K75A;Q1D,property_supported_no_moderate_or_strong_adverse,2,0,0,routine_context_recorded,,True,property_supported_candidate_requires_expert_review,,,unchanged,False,not_performed
74,Nb252_v3_double_K75A__T99F,K75A;T99F,property_supported_with_moderate_adverse_tradeoff,1,1,0,detailed_review_triggered,contains_user_directed_T99F_exploration|includes_hard_interface_shell_site,True,contains_user_directed_T99F_exploration|includes_hard_interface_shell_site|property_supported_candidate_requires_expert_review,,,gain_only,True,not_performed
75,Nb252_v3_double_F29Q__K43A,F29Q;K43A,no_moderate_or_strong_positive_metric,0,0,0,detailed_review_triggered,includes_experimental_missing_coordinate_site,True,includes_experimental_missing_coordinate_site,,,unchanged,False,not_performed
76,Nb252_v3_double_F29Q__N76G,F29Q;N76G,property_supported_no_moderate_or_strong_adverse,1,0,0,detailed_review_triggered,includes_experimental_missing_coordinate_site,True,includes_experimental_missing_coordinate_site|property_supported_candidate_requires_expert_review,,,unchanged,False,not_performed
77,Nb252_v3_double_F29Q__F30N,F29Q;F30N,property_supported_no_moderate_or_strong_adverse,2,0,0,detailed_review_triggered,includes_experimental_missing_coordinate_site|sites_share_direct_local_4p5A_neighborhood,True,includes_experimental_missing_coordinate_site|sites_share_direct_local_4p5A_neighborhood|property_supported_candidate_requires_expert_review,,new_deamidation_motif,unchanged,False,not_performed
78,Nb252_v3_double_F29Q__K75E,F29Q;K75E,property_supported_no_moderate_or_strong_adverse,1,0,0,detailed_review_triggered,includes_experimental_missing_coordinate_site,True,includes_experimental_missing_coordinate_site|property_supported_candidate_requires_expert_review,,,unchanged,False,not_performed
79,Nb252_v3_double_F29Q__L11M,F29Q;L11M,property_supported_no_moderate_or_strong_adverse,1,0,0,detailed_review_triggered,includes_experimental_missing_coordinate_site,True,includes_experimental_missing_coordinate_site|property_supported_candidate_requires_expert_review,,more_M_or_W,unchanged,False,not_performed
80,Nb252_v3_double_F29Q__Q1D,F29Q;Q1D,no_moderate_or_strong_positive_metric,0,0,0,detailed_review_triggered,includes_experimental_missing_coordinate_site,True,includes_experimental_missing_coordinate_site,,,unchanged,False,not_performed
81,Nb252_v3_double_F29Q__T99F,F29Q;T99F,no_moderate_or_strong_positive_metric,0,0,0,detailed_review_triggered,contains_user_directed_T99F_exploration|includes_experimental_missing_coordinate_site|includes_hard_interface_shell_site,True,contains_user_directed_T99F_exploration|includes_experimental_missing_coordinate_site|includes_hard_interface_shell_site,,,gain_only,True,not_performed
82,Nb252_v3_double_K43A__N76G,K43A;N76G,property_supported_no_moderate_or_strong_adverse,2,0,0,routine_context_recorded,,True,property_supported_candidate_requires_expert_review,,,unchanged,False,not_performed
83,Nb252_v3_double_K43A__F30N,K43A;F30N,property_supported_no_moderate_or_strong_adverse,1,0,0,routine_context_recorded,,True,property_supported_candidate_requires_expert_review,,new_deamidation_motif,unchanged,False,not_performed
84,Nb252_v3_double_K43A__K75E,K43A;K75E,property_supported_with_moderate_adverse_tradeoff,1,1,0,routine_context_recorded,,True,property_supported_candidate_requires_expert_review,,,unchanged,False,not_performed
85,Nb252_v3_double_K43A__L11M,K43A;L11M,no_moderate_or_strong_positive_metric,0,0,0,detailed_review_triggered,includes_experimental_missing_coordinate_site,True,includes_experimental_missing_coordinate_site,,more_M_or_W,unchanged,False,not_performed
86,Nb252_v3_double_K43A__Q1D,K43A;Q1D,property_supported_no_moderate_or_strong_adverse,1,0,0,routine_context_recorded,,True,property_supported_candidate_requires_expert_review,,,unchanged,False,not_performed
87,Nb252_v3_double_K43A__T99F,K43A;T99F,no_moderate_or_strong_positive_metric,0,0,0,detailed_review_triggered,contains_user_directed_T99F_exploration|includes_hard_interface_shell_site,True,contains_user_directed_T99F_exploration|includes_hard_interface_shell_site,,,gain_only,True,not_performed
88,Nb252_v3_double_N76G__F30N,N76G;F30N,property_supported_no_moderate_or_strong_adverse,2,0,0,routine_context_recorded,,True,property_supported_candidate_requires_expert_review,,,unchanged,False,not_performed
89,Nb252_v3_double_N76G__K75E,N76G;K75E,property_supported_no_moderate_or_strong_adverse,1,0,0,detailed_review_triggered,sites_share_direct_local_4p5A_neighborhood,True,sites_share_direct_local_4p5A_neighborhood|property_supported_candidate_requires_expert_review,,,gain_only,False,not_performed
90,Nb252_v3_double_N76G__L11M,N76G;L11M,property_supported_no_moderate_or_strong_adverse,3,0,0,detailed_review_triggered,includes_experimental_missing_coordinate_site,True,includes_experimental_missing_coordinate_site|property_supported_candidate_requires_expert_review,,more_M_or_W,unchanged,False,not_performed
91,Nb252_v3_double_N76G__Q1D,N76G;Q1D,property_supported_no_moderate_or_strong_adverse,1,0,0,routine_context_recorded,,True,property_supported_candidate_requires_expert_review,,,unchanged,False,not_performed
92,Nb252_v3_double_N76G__T99F,N76G;T99F,no_moderate_or_strong_positive_metric,0,0,0,detailed_review_triggered,contains_user_directed_T99F_exploration|includes_hard_interface_shell_site,True,contains_user_directed_T99F_exploration|includes_hard_interface_shell_site,,,gain_only,True,not_performed
93,Nb252_v3_double_F30N__K75E,F30N;K75E,property_supported_no_moderate_or_strong_adverse,2,0,0,routine_context_recorded,,True,property_supported_candidate_requires_expert_review,,new_deamidation_motif,unchanged,False,not_performed
94,Nb252_v3_double_F30N__L11M,F30N;L11M,property_supported_no_moderate_or_strong_adverse,2,0,0,detailed_review_triggered,includes_experimental_missing_coordinate_site,True,includes_experimental_missing_coordinate_site|property_supported_candidate_requires_expert_review,,new_deamidation_motif|more_M_or_W,unchanged,False,not_performed
95,Nb252_v3_double_F30N__Q1D,F30N;Q1D,property_supported_no_moderate_or_strong_adverse,2,0,0,routine_context_recorded,,True,property_supported_candidate_requires_expert_review,,new_deamidation_motif,unchanged,False,not_performed
96,Nb252_v3_double_F30N__T99F,F30N;T99F,property_supported_no_moderate_or_strong_adverse,1,0,0,detailed_review_triggered,contains_user_directed_T99F_exploration|includes_hard_interface_shell_site,True,contains_user_directed_T99F_exploration|includes_hard_interface_shell_site|property_supported_candidate_requires_expert_review,,new_deamidation_motif,gain_only,True,not_performed
97,Nb252_v3_double_K75E__L11M,K75E;L11M,property_supported_no_moderate_or_strong_adverse,2,0,0,detailed_review_triggered,includes_experimental_missing_coordinate_site,True,includes_experimental_missing_coordinate_site|property_supported_candidate_requires_expert_review,,more_M_or_W,unchanged,False,not_performed
98,Nb252_v3_double_K75E__Q1D,K75E;Q1D,property_supported_no_moderate_or_strong_adverse,2,0,0,routine_context_recorded,,True,property_supported_candidate_requires_expert_review,,,unchanged,False,not_performed
99,Nb252_v3_double_K75E__T99F,K75E;T99F,property_supported_no_moderate_or_strong_adverse,1,0,0,detailed_review_triggered,contains_user_directed_T99F_exploration|includes_hard_interface_shell_site,True,contains_user_directed_T99F_exploration|includes_hard_interface_shell_site|property_supported_candidate_requires_expert_review,,,gain_only,True,not_performed
100,Nb252_v3_double_L11M__Q1D,L11M;Q1D,property_supported_no_moderate_or_strong_adverse,1,0,0,detailed_review_triggered,includes_experimental_missing_coordinate_site,True,includes_experimental_missing_coordinate_site|property_supported_candidate_requires_expert_review,,more_M_or_W,unchanged,False,not_performed
101,Nb252_v3_double_L11M__T99F,L11M;T99F,no_moderate_or_strong_positive_metric,0,0,0,detailed_review_triggered,contains_user_directed_T99F_exploration|includes_experimental_missing_coordinate_site|includes_hard_interface_shell_site,True,contains_user_directed_T99F_exploration|includes_experimental_missing_coordinate_site|includes_hard_interface_shell_site,,more_M_or_W,gain_only,True,not_performed
102,Nb252_v3_double_Q1D__T99F,Q1D;T99F,no_moderate_or_strong_positive_metric,0,0,0,detailed_review_triggered,contains_user_directed_T99F_exploration|includes_hard_interface_shell_site,True,contains_user_directed_T99F_exploration|includes_hard_interface_shell_site,,,gain_only,True,not_performed
