reported_sequence_index_1based,wt_residue,imgt_position_label,region,conservation_class,hard_frozen,hard_frozen_reasons,allowed_substitution_rule,allowed_mutant_residues,allowed_non_wt_non_cys_substitution_count
1,Q,1,FR1,insufficient_evidence,False,,full_non_cys_scan,A;D;E;F;G;H;I;K;L;M;N;P;R;S;T;V;W;Y,18
2,V,2,FR1,hard_conserved,True,MSA_hard_conserved,hard_frozen,,0
3,Q,3,FR1,hard_conserved,True,MSA_hard_conserved,hard_frozen,,0
4,L,4,FR1,hard_conserved,True,MSA_hard_conserved,hard_frozen,,0
5,Q,5,FR1,conserved_nonconsensus,False,,natural_consensus_reversion_only,V,1
6,E,6,FR1,hard_conserved,True,MSA_hard_conserved,hard_frozen,,0
7,S,7,FR1,hard_conserved,True,MSA_hard_conserved,hard_frozen,,0
8,G,8,FR1,hard_conserved,True,MSA_hard_conserved,hard_frozen,,0
9,G,9,FR1,hard_conserved,True,MSA_hard_conserved,hard_frozen,,0
10,G,11,FR1,hard_conserved,True,MSA_hard_conserved,hard_frozen,,0
11,L,12,FR1,cautious,False,,full_non_cys_scan,A;D;E;F;G;H;I;K;M;N;P;Q;R;S;T;V;W;Y,18
12,V,13,FR1,hard_conserved,True,MSA_hard_conserved,hard_frozen,,0
13,Q,14,FR1,hard_conserved,True,MSA_hard_conserved,hard_frozen,,0
14,A,15,FR1,cautious,False,,full_non_cys_scan,D;E;F;G;H;I;K;L;M;N;P;Q;R;S;T;V;W;Y,18
15,G,16,FR1,hard_conserved,True,MSA_hard_conserved,hard_frozen,,0
16,G,17,FR1,hard_conserved,True,MSA_hard_conserved,hard_frozen,,0
17,S,18,FR1,hard_conserved,True,MSA_hard_conserved,hard_frozen,,0
18,L,19,FR1,hard_conserved,True,MSA_hard_conserved,hard_frozen,,0
19,R,20,FR1,cautious,False,,full_non_cys_scan,A;D;E;F;G;H;I;K;L;M;N;P;Q;S;T;V;W;Y,18
20,L,21,FR1,hard_conserved,True,MSA_hard_conserved,hard_frozen,,0
21,S,22,FR1,hard_conserved,True,MSA_hard_conserved,hard_frozen,,0
22,C,23,FR1,hard_conserved,True,MSA_hard_conserved;coordinate_supported_disulfide_cysteine,hard_frozen,,0
23,A,24,FR1,variable,False,,full_non_cys_scan,D;E;F;G;H;I;K;L;M;N;P;Q;R;S;T;V;W;Y,18
24,A,25,FR1,variable,False,,full_non_cys_scan,D;E;F;G;H;I;K;L;M;N;P;Q;R;S;T;V;W;Y,18
25,S,26,FR1,hard_conserved,True,MSA_hard_conserved,hard_frozen,,0
26,G,27,CDR1,cautious,False,,full_non_cys_scan,A;D;E;F;H;I;K;L;M;N;P;Q;R;S;T;V;W;Y,18
27,T,28,CDR1,variable,False,,full_non_cys_scan,A;D;E;F;G;H;I;K;L;M;N;P;Q;R;S;V;W;Y,18
28,I,29,CDR1,variable,False,,full_non_cys_scan,A;D;E;F;G;H;K;L;M;N;P;Q;R;S;T;V;W;Y,18
29,F,30,CDR1,variable,False,,full_non_cys_scan,A;D;E;G;H;I;K;L;M;N;P;Q;R;S;T;V;W;Y,18
30,F,35,CDR1,variable,False,,full_non_cys_scan,A;D;E;G;H;I;K;L;M;N;P;Q;R;S;T;V;W;Y,18
31,G,36,CDR1,variable,False,,full_non_cys_scan,A;D;E;F;H;I;K;L;M;N;P;Q;R;S;T;V;W;Y,18
32,Y,37,CDR1,variable,False,,full_non_cys_scan,A;D;E;F;G;H;I;K;L;M;N;P;Q;R;S;T;V;W,18
33,D,38,CDR1,cautious,True,experimental_interface_frozen,hard_frozen,,0
34,M,39,FR2,cautious,False,,full_non_cys_scan,A;D;E;F;G;H;I;K;L;N;P;Q;R;S;T;V;W;Y,18
35,G,40,FR2,variable,False,,full_non_cys_scan,A;D;E;F;H;I;K;L;M;N;P;Q;R;S;T;V;W;Y,18
36,W,41,FR2,hard_conserved,True,MSA_hard_conserved,hard_frozen,,0
37,Y,42,FR2,cautious,True,experimental_interface_frozen,hard_frozen,,0
38,R,43,FR2,hard_conserved,True,MSA_hard_conserved,hard_frozen,,0
39,Q,44,FR2,hard_conserved,True,MSA_hard_conserved,hard_frozen,,0
40,A,45,FR2,cautious,False,,full_non_cys_scan,D;E;F;G;H;I;K;L;M;N;P;Q;R;S;T;V;W;Y,18
41,P,46,FR2,hard_conserved,True,MSA_hard_conserved,hard_frozen,,0
42,G,47,FR2,hard_conserved,True,MSA_hard_conserved,hard_frozen,,0
43,K,48,FR2,cautious,False,,full_non_cys_scan,A;D;E;F;G;H;I;L;M;N;P;Q;R;S;T;V;W;Y,18
44,E,49,FR2,cautious,False,,full_non_cys_scan,A;D;F;G;H;I;K;L;M;N;P;Q;R;S;T;V;W;Y,18
45,R,50,FR2,cautious,True,experimental_interface_frozen,hard_frozen,,0
46,E,51,FR2,hard_conserved,True,experimental_interface_frozen;MSA_hard_conserved,hard_frozen,,0
47,F,52,FR2,variable,True,experimental_interface_frozen,hard_frozen,,0
48,V,53,FR2,hard_conserved,True,MSA_hard_conserved,hard_frozen,,0
49,A,54,FR2,cautious,False,,full_non_cys_scan,D;E;F;G;H;I;K;L;M;N;P;Q;R;S;T;V;W;Y,18
50,S,55,FR2,variable,False,,full_non_cys_scan,A;D;E;F;G;H;I;K;L;M;N;P;Q;R;T;V;W;Y,18
51,I,56,CDR2,cautious,False,,full_non_cys_scan,A;D;E;F;G;H;K;L;M;N;P;Q;R;S;T;V;W;Y,18
52,T,57,CDR2,variable,False,,full_non_cys_scan,A;D;E;F;G;H;I;K;L;M;N;P;Q;R;S;V;W;Y,18
53,T,58,CDR2,variable,False,,full_non_cys_scan,A;D;E;F;G;H;I;K;L;M;N;P;Q;R;S;V;W;Y,18
54,G,59,CDR2,variable,False,,full_non_cys_scan,A;D;E;F;H;I;K;L;M;N;P;Q;R;S;T;V;W;Y,18
55,S,63,CDR2,cautious,False,,full_non_cys_scan,A;D;E;F;G;H;I;K;L;M;N;P;Q;R;T;V;W;Y,18
56,N,64,CDR2,variable,False,,full_non_cys_scan,A;D;E;F;G;H;I;K;L;M;P;Q;R;S;T;V;W;Y,18
57,T,65,CDR2,cautious,False,,full_non_cys_scan,A;D;E;F;G;H;I;K;L;M;N;P;Q;R;S;V;W;Y,18
58,N,66,FR3,variable,True,experimental_interface_frozen,hard_frozen,,0
59,Y,67,FR3,hard_conserved,True,MSA_hard_conserved,hard_frozen,,0
60,A,68,FR3,cautious,False,,full_non_cys_scan,D;E;F;G;H;I;K;L;M;N;P;Q;R;S;T;V;W;Y,18
61,D,69,FR3,cautious,False,,full_non_cys_scan,A;E;F;G;H;I;K;L;M;N;P;Q;R;S;T;V;W;Y,18
62,S,70,FR3,hard_conserved,True,MSA_hard_conserved,hard_frozen,,0
63,V,71,FR3,hard_conserved,True,MSA_hard_conserved,hard_frozen,,0
64,K,72,FR3,hard_conserved,True,MSA_hard_conserved,hard_frozen,,0
65,G,74,FR3,hard_conserved,True,MSA_hard_conserved,hard_frozen,,0
66,R,75,FR3,hard_conserved,True,MSA_hard_conserved,hard_frozen,,0
67,F,76,FR3,hard_conserved,True,MSA_hard_conserved,hard_frozen,,0
68,T,77,FR3,hard_conserved,True,MSA_hard_conserved,hard_frozen,,0
69,I,78,FR3,cautious,False,,full_non_cys_scan,A;D;E;F;G;H;K;L;M;N;P;Q;R;S;T;V;W;Y,18
70,S,79,FR3,hard_conserved,True,MSA_hard_conserved,hard_frozen,,0
71,R,80,FR3,variable,False,,full_non_cys_scan,A;D;E;F;G;H;I;K;L;M;N;P;Q;S;T;V;W;Y,18
72,D,81,FR3,hard_conserved,True,MSA_hard_conserved,hard_frozen,,0
73,N,82,FR3,cautious,False,,full_non_cys_scan,A;D;E;F;G;H;I;K;L;M;P;Q;R;S;T;V;W;Y,18
74,A,83,FR3,cautious,False,,full_non_cys_scan,D;E;F;G;H;I;K;L;M;N;P;Q;R;S;T;V;W;Y,18
75,K,84,FR3,cautious,False,,full_non_cys_scan,A;D;E;F;G;H;I;L;M;N;P;Q;R;S;T;V;W;Y,18
76,N,85,FR3,cautious,False,,full_non_cys_scan,A;D;E;F;G;H;I;K;L;M;P;Q;R;S;T;V;W;Y,18
77,T,86,FR3,cautious,False,,full_non_cys_scan,A;D;E;F;G;H;I;K;L;M;N;P;Q;R;S;V;W;Y,18
78,V,87,FR3,variable,False,,full_non_cys_scan,A;D;E;F;G;H;I;K;L;M;N;P;Q;R;S;T;W;Y,18
79,Y,88,FR3,cautious,False,,full_non_cys_scan,A;D;E;F;G;H;I;K;L;M;N;P;Q;R;S;T;V;W,18
80,L,89,FR3,hard_conserved,True,MSA_hard_conserved,hard_frozen,,0
81,Q,90,FR3,hard_conserved,True,MSA_hard_conserved,hard_frozen,,0
82,M,91,FR3,hard_conserved,True,MSA_hard_conserved,hard_frozen,,0
83,N,92,FR3,cautious,False,,full_non_cys_scan,A;D;E;F;G;H;I;K;L;M;P;Q;R;S;T;V;W;Y,18
84,S,93,FR3,variable,False,,full_non_cys_scan,A;D;E;F;G;H;I;K;L;M;N;P;Q;R;T;V;W;Y,18
85,L,94,FR3,hard_conserved,True,MSA_hard_conserved,hard_frozen,,0
86,K,95,FR3,cautious,False,,full_non_cys_scan,A;D;E;F;G;H;I;L;M;N;P;Q;R;S;T;V;W;Y,18
87,P,96,FR3,cautious,False,,full_non_cys_scan,A;D;E;F;G;H;I;K;L;M;N;Q;R;S;T;V;W;Y,18
88,E,97,FR3,hard_conserved,True,MSA_hard_conserved,hard_frozen,,0
89,D,98,FR3,hard_conserved,True,MSA_hard_conserved,hard_frozen,,0
90,T,99,FR3,hard_conserved,True,MSA_hard_conserved,hard_frozen,,0
91,A,100,FR3,hard_conserved,True,MSA_hard_conserved,hard_frozen,,0
92,V,101,FR3,variable,False,,full_non_cys_scan,A;D;E;F;G;H;I;K;L;M;N;P;Q;R;S;T;W;Y,18
93,Y,102,FR3,hard_conserved,True,MSA_hard_conserved,hard_frozen,,0
94,Y,103,FR3,cautious,False,,full_non_cys_scan,A;D;E;F;G;H;I;K;L;M;N;P;Q;R;S;T;V;W,18
95,C,104,FR3,hard_conserved,True,MSA_hard_conserved;coordinate_supported_disulfide_cysteine,hard_frozen,,0
96,A,105,CDR3,cautious,False,,full_non_cys_scan,D;E;F;G;H;I;K;L;M;N;P;Q;R;S;T;V;W;Y,18
97,V,106,CDR3,variable,False,,full_non_cys_scan,A;D;E;F;G;H;I;K;L;M;N;P;Q;R;S;T;W;Y,18
98,D,107,CDR3,variable,True,experimental_interface_frozen,hard_frozen,,0
99,T,108,CDR3,variable,False,,full_non_cys_scan,A;D;E;F;G;H;I;K;L;M;N;P;Q;R;S;V;W;Y,18
100,I,109,CDR3,variable,True,experimental_interface_frozen,hard_frozen,,0
101,D,110,CDR3,variable,True,experimental_interface_frozen,hard_frozen,,0
102,Y,111,CDR3,variable,True,experimental_interface_frozen,hard_frozen,,0
103,I,111A,CDR3,variable,True,experimental_interface_frozen,hard_frozen,,0
104,I,111B,CDR3,insufficient_evidence,True,experimental_interface_frozen,hard_frozen,,0
105,E,111C,CDR3,insufficient_evidence,True,experimental_interface_frozen,hard_frozen,,0
106,W,112D,CDR3,insufficient_evidence,True,experimental_interface_frozen,hard_frozen,,0
107,N,112C,CDR3,insufficient_evidence,True,experimental_interface_frozen,hard_frozen,,0
108,V,112B,CDR3,variable,True,experimental_interface_frozen,hard_frozen,,0
109,Y,112A,CDR3,variable,True,experimental_interface_frozen,hard_frozen,,0
110,Y,112,CDR3,variable,True,experimental_interface_frozen,hard_frozen,,0
111,Y,113,CDR3,cautious,True,experimental_interface_frozen,hard_frozen,,0
112,I,114,CDR3,cautious,True,experimental_interface_frozen,hard_frozen,,0
113,F,115,CDR3,variable,True,experimental_interface_frozen,hard_frozen,,0
114,S,116,CDR3,variable,True,experimental_interface_frozen,hard_frozen,,0
115,Y,117,CDR3,variable,True,experimental_interface_frozen,hard_frozen,,0
116,W,118,FR4,cautious,True,experimental_interface_frozen,hard_frozen,,0
117,G,119,FR4,hard_conserved,True,MSA_hard_conserved,hard_frozen,,0
118,Q,120,FR4,hard_conserved,True,MSA_hard_conserved,hard_frozen,,0
119,G,121,FR4,hard_conserved,True,MSA_hard_conserved,hard_frozen,,0
120,T,122,FR4,hard_conserved,True,MSA_hard_conserved,hard_frozen,,0
121,Q,123,FR4,hard_conserved,True,MSA_hard_conserved,hard_frozen,,0
122,V,124,FR4,hard_conserved,True,MSA_hard_conserved,hard_frozen,,0
123,T,125,FR4,hard_conserved,True,MSA_hard_conserved,hard_frozen,,0
124,V,126,FR4,hard_conserved,True,MSA_hard_conserved,hard_frozen,,0
125,S,127,FR4,hard_conserved,True,MSA_hard_conserved;terminal_SSGS,hard_frozen,,0
126,S,128,FR4,cautious,True,terminal_SSGS,hard_frozen,,0
127,G,,unmapped_terminal,insufficient_evidence,True,terminal_SSGS,hard_frozen,,0
128,S,,unmapped_terminal,insufficient_evidence,True,terminal_SSGS,hard_frozen,,0
