candidate_id,change_type,stable_word,stable_word_length,start_reported_1based,end_reported_1based,amino_acid_segment,degenerate_segment
Nb252_expr_double_F30S__T99F,created,@haYh,5,99,103,FIDYI,@haYh
Nb252_expr_double_F30A__T99F,created,@haYh,5,99,103,FIDYI,@haYh
Nb252_expr_double_F30R__T99F,created,@haYh,5,99,103,FIDYI,@haYh
Nb252_expr_double_Q1M__T99F,created,@haYh,5,99,103,FIDYI,@haYh
Nb252_expr_double_Q1H__T99F,created,@haYh,5,99,103,FIDYI,@haYh
Nb252_expr_double_Q1D__T99F,created,@haYh,5,99,103,FIDYI,@haYh
Nb252_expr_double_T27F__F29T,created,@ho@s,5,27,31,FITFG,@ho@s
Nb252_expr_double_T27F__T99F,created,@haYh,5,99,103,FIDYI,@haYh
Nb252_expr_double_T27D__T99F,created,@haYh,5,99,103,FIDYI,@haYh
Nb252_expr_double_T27S__T99F,created,@haYh,5,99,103,FIDYI,@haYh
Nb252_expr_double_Q5V__T99F,created,@haYh,5,99,103,FIDYI,@haYh
Nb252_expr_double_A23S__T99F,created,@haYh,5,99,103,FIDYI,@haYh
Nb252_expr_double_F29T__T99F,created,@haYh,5,99,103,FIDYI,@haYh
Nb252_expr_double_Y32L__T99F,created,@haYh,5,99,103,FIDYI,@haYh
Nb252_expr_double_E44G__T99F,created,@haYh,5,99,103,FIDYI,@haYh
Nb252_expr_double_S55G__T99F,created,@haYh,5,99,103,FIDYI,@haYh
Nb252_expr_double_K86R__T99F,created,@haYh,5,99,103,FIDYI,@haYh
Nb252_expr_double_P87T__T99F,created,@haYh,5,99,103,FIDYI,@haYh
Nb252_expr_double_V97S__T99F,created,@haYh,5,99,103,FIDYI,@haYh
