stable_word_id,stable_word,stable_word_length
stable_word_0001,hoPbob,6
stable_word_0002,oaaahhb,7
stable_word_0003,Mobhh,5
stable_word_0004,Mbhh@,5
stable_word_0005,ohaahbs,7
stable_word_0006,sPahhb,6
stable_word_0007,ahhhhsss,8
stable_word_0008,aansnh,6
stable_word_0009,aashbbh,7
stable_word_0010,hhhsahh,7
stable_word_0011,bbhhas,6
stable_word_0012,hh@hH,5
stable_word_0013,bhabhh,6
stable_word_0014,ahhahhb,7
stable_word_0015,bbhYa,5
stable_word_0016,hnaasn,6
stable_word_0017,hhbbH,5
stable_word_0018,nahabh,6
stable_word_0019,oPsbhh,6
stable_word_0020,hahsCs,6
stable_word_0021,as@bb,5
stable_word_0022,aPabY,5
stable_word_0023,aYhon,5
stable_word_0024,hhasbhh,7
stable_word_0025,sbshhb,6
stable_word_0026,Coaaa,5
stable_word_0027,bahhba,6
stable_word_0028,aashbb,6
stable_word_0029,aYhan,5
stable_word_0030,ahsbab,6
stable_word_0031,aPsahh,6
stable_word_0032,bahhash,7
stable_word_0033,Chbss,5
stable_word_0034,osaaM,5
stable_word_0035,aPahhb,6
stable_word_0036,sashbb,6
stable_word_0037,oPoahh,6
stable_word_0038,hbs@@,5
stable_word_0039,Mhhoo,5
stable_word_0040,hnPaso,6
stable_word_0041,hhhsYaPh@shsos,14
stable_word_0042,hshshss,7
stable_word_0043,bs@na,5
stable_word_0044,nMhsa,5
stable_word_0045,ahaohb,6
stable_word_0046,hhohhh,6
stable_word_0047,Mhhso,5
stable_word_0048,bahhbH,6
stable_word_0049,hhhno@,6
stable_word_0050,hobahh,6
stable_word_0051,oaaahn,6
stable_word_0052,ahhsYh,6
stable_word_0053,oChhb,5
stable_word_0054,sbosos,6
stable_word_0055,aYPnh,5
stable_word_0056,ahhshh,6
stable_word_0057,abaohh,6
stable_word_0058,hhaMs,5
stable_word_0059,ohansh,6
stable_word_0060,bhhahha,7
stable_word_0061,hhbsM,5
stable_word_0062,nshnn,5
stable_word_0063,o@an@,5
stable_word_0064,sba@sh,6
stable_word_0065,bbshahh,7
stable_word_0066,h@Hhh,5
stable_word_0067,aYhbn,5
stable_word_0068,aYhbb,5
stable_word_0069,aahbbo,6
stable_word_0070,o@Pnh,5
stable_word_0071,obaaM,5
stable_word_0072,ss@bb,5
stable_word_0073,sPahha,6
stable_word_0074,aahsbhs,7
stable_word_0075,soaaah,6
stable_word_0076,anhsoh,6
stable_word_0077,hPnYh,5
stable_word_0078,@aahha,6
stable_word_0079,hPPaa,5
stable_word_0080,abahha,6
stable_word_0081,bhhohh,6
stable_word_0082,snahsb,6
stable_word_0083,nbnsnhh,7
stable_word_0084,hbshba,6
stable_word_0085,aasYb,5
stable_word_0086,hossobsh,8
stable_word_0087,bashob,6
stable_word_0088,ashsns,6
stable_word_0089,hhbasY,6
stable_word_0090,bhbahs,6
stable_word_0091,shhoM,5
stable_word_0092,ao@bb,5
stable_word_0093,oPasob,6
stable_word_0094,ahhbna,6
stable_word_0095,baMha,5
stable_word_0096,ohaaC,5
stable_word_0097,nYhhs,5
stable_word_0098,@Pas@,5
stable_word_0099,hsssaos,7
stable_word_0100,nahoah,6
stable_word_0101,@hasbb,6
stable_word_0102,ahhobh,6
stable_word_0103,ahsbnsb,7
stable_word_0104,Mnahh,5
stable_word_0105,hbahhb,6
stable_word_0106,hh@hhs,6
stable_word_0107,hYhoan,6
stable_word_0108,HChPs,5
stable_word_0109,soHhsso,7
stable_word_0110,@oa@h,5
stable_word_0111,habhbs,6
stable_word_0112,oPHhs,5
stable_word_0113,ahsbhs,6
stable_word_0114,oaaPs,5
stable_word_0115,oPaHh,5
stable_word_0116,ohbh@ah,7
stable_word_0117,ohbh@a,6
stable_word_0118,bhsnnh,6
stable_word_0119,Yha@h,5
stable_word_0120,ossnbnbh,8
stable_word_0121,hashM,5
stable_word_0122,so@@a,5
stable_word_0123,sbbbsh,6
stable_word_0124,ahssbb,6
stable_word_0125,oaaabs,6
stable_word_0126,oaahha,6
stable_word_0127,Pasobh,6
stable_word_0128,aahhbhs,7
stable_word_0129,aMhhb,5
stable_word_0130,@hohhs,6
stable_word_0131,oPan@,5
stable_word_0132,aaahba,6
stable_word_0133,hsPsaa,6
stable_word_0134,bshhaa,6
stable_word_0135,hoaaah,6
stable_word_0136,nhahhb,6
stable_word_0137,PPabh,5
stable_word_0138,ah@Yb,5
stable_word_0139,sahhbb,6
stable_word_0140,bshhss,6
stable_word_0141,sosPY,5
stable_word_0142,@ho@s,5
stable_word_0143,oabahn,6
stable_word_0144,ssHCh,5
stable_word_0145,hbbsba,6
stable_word_0146,hobaab,6
stable_word_0147,Mashb,5
stable_word_0148,oMhhh,5
stable_word_0149,hoPanh,6
stable_word_0150,ansbbh,6
stable_word_0151,snPaa,5
stable_word_0152,ashobs,6
stable_word_0153,habhoa,6
stable_word_0154,hnshha,6
stable_word_0155,shnYY,5
stable_word_0156,ahsaM,5
stable_word_0157,bahhnb,6
stable_word_0158,bhhCn,5
stable_word_0159,Mhban,5
stable_word_0160,aPshsb,6
stable_word_0161,hnYhh,5
stable_word_0162,sbhsM,5
stable_word_0163,oaaaY,5
stable_word_0164,bPaaha,6
stable_word_0165,Msobh,5
stable_word_0166,hsbMh,5
stable_word_0167,shnhM,5
stable_word_0168,sshhsn,6
stable_word_0169,ahobnh,6
stable_word_0170,hPaahb,6
stable_word_0171,sCsbo,5
stable_word_0172,hhbhhn,6
stable_word_0173,sMass,5
stable_word_0174,shhMn,5
stable_word_0175,hPhsbh,6
stable_word_0176,@@sbh,5
stable_word_0177,nYhnn,5
stable_word_0178,oPasno,6
stable_word_0179,oMaah,5
stable_word_0180,haashbh,7
stable_word_0181,bPsshh,6
stable_word_0182,aPsHh,5
stable_word_0183,hhhabhb,7
stable_word_0184,hbaas@,6
stable_word_0185,nhhhoss,7
stable_word_0186,ssshssh,7
stable_word_0187,hobaah,6
stable_word_0188,bhsbsh,6
stable_word_0189,bhhhsah,7
stable_word_0190,bhhMs,5
stable_word_0191,b@abs,5
stable_word_0192,sPsno,5
stable_word_0193,anbbb,5
stable_word_0194,aPn@b,5
stable_word_0195,hMhho,5
stable_word_0196,@snYh,5
stable_word_0197,oPana,5
stable_word_0198,hbahM,5
stable_word_0199,hbhhba,6
stable_word_0200,aabsnh,6
stable_word_0201,ohaahba,7
stable_word_0202,hoaaabb,7
stable_word_0203,YhP@h,5
stable_word_0204,aHPab,5
stable_word_0205,shhbbb,6
stable_word_0206,@Csso,5
stable_word_0207,HPaah,5
stable_word_0208,ohaahhn,7
stable_word_0209,hbahC,5
stable_word_0210,hbbMh,5
stable_word_0211,aaasbs,6
stable_word_0212,@@anh,5
stable_word_0213,hohhhn,6
stable_word_0214,ohYshs,6
stable_word_0215,hPbahs,6
stable_word_0216,hHasn,5
stable_word_0217,Mhhsh,5
stable_word_0218,oaabohbh@,9
stable_word_0219,bMsha,5
stable_word_0220,Pobaa,5
stable_word_0221,bnshhs,6
stable_word_0222,n@hha,5
stable_word_0223,hooMh,5
stable_word_0224,hanhhn,6
stable_word_0225,hnhh@,5
stable_word_0226,hoPsab,6
stable_word_0227,Pss@o,5
stable_word_0228,oPasbs,6
stable_word_0229,baMss,5
stable_word_0230,aaHsn,5
stable_word_0231,a@hno,5
stable_word_0232,bshbbh,6
stable_word_0233,oaanY,5
stable_word_0234,hosssosh,8
stable_word_0235,Mbnhs,5
stable_word_0236,hboMs,5
stable_word_0237,haPYh,5
stable_word_0238,ahobbh,6
stable_word_0239,aPnsP,5
stable_word_0240,oashha,6
stable_word_0241,ahhsbha,7
stable_word_0242,bPaHh,5
stable_word_0243,bshaas,6
stable_word_0244,Mhanb,5
stable_word_0245,hMhso,5
stable_word_0246,baah@hoob,9
stable_word_0247,shhhH,5
stable_word_0248,shhsshh,7
stable_word_0249,nPnbb,5
stable_word_0250,bbhhba,6
stable_word_0251,hsshhss,7
stable_word_0252,sshhs@,6
stable_word_0253,PPaah,5
stable_word_0254,Monaa,5
stable_word_0255,hsahhn,6
stable_word_0256,hoabab,6
stable_word_0257,@hYsh,5
stable_word_0258,@nbnsnhh,8
stable_word_0259,h@bbh,5
stable_word_0260,hbbbhh,6
stable_word_0261,ohYbh,5
stable_word_0262,soshsbs,7
stable_word_0263,aahabhh,7
stable_word_0264,hHPoo,5
stable_word_0265,Yhbbn,5
stable_word_0266,bbhhab,6
stable_word_0267,s@hsoa,6
stable_word_0268,@hhsY,5
stable_word_0269,sshnoh,6
stable_word_0270,nhsMs,5
stable_word_0271,naahM,5
stable_word_0272,osaahb,6
stable_word_0273,@sb@h,5
stable_word_0274,bb@hs,5
stable_word_0275,oPaahs,6
stable_word_0276,@obaah,6
stable_word_0277,h@sh@,5
stable_word_0278,shahshb,7
stable_word_0279,aahhsah,7
stable_word_0280,@hPhh,5
stable_word_0281,hnaaso,6
stable_word_0282,h@@hh,5
stable_word_0283,ohbh@n,6
stable_word_0284,a@@hb,5
stable_word_0285,sabHsh,6
stable_word_0286,ohobY,5
stable_word_0287,hhssshb,7
stable_word_0288,Moaoa,5
stable_word_0289,nnhoah,6
stable_word_0290,hnYsh,5
stable_word_0291,bbhhaa,6
stable_word_0292,bhhahss,7
stable_word_0293,nhbnhh,6
stable_word_0294,hbshhn,6
stable_word_0295,@Ybhh,5
stable_word_0296,hbahsY,6
stable_word_0297,@@ahh,5
stable_word_0298,oPaYh,5
stable_word_0299,bhhhhss,7
stable_word_0300,hPbahsn,7
stable_word_0301,hsshhb,6
stable_word_0302,aaYhb,5
stable_word_0303,osssssh,7
stable_word_0304,sbahha,6
stable_word_0305,bbbhaa,6
stable_word_0306,ahsCs,5
stable_word_0307,ahhbss,6
stable_word_0308,bahsbb,6
stable_word_0309,oPahhb,6
stable_word_0310,bChah,5
stable_word_0311,nHPoh,5
stable_word_0312,nabsY,5
stable_word_0313,asYbb,5
stable_word_0314,h@hoob,6
stable_word_0315,sbsMs,5
stable_word_0316,hnbh@,5
stable_word_0317,shhassh,7
stable_word_0318,oasahb,6
stable_word_0319,ohhnhh,6
stable_word_0320,obbbhaa,7
stable_word_0321,Moahs,5
stable_word_0322,obaahb,6
stable_word_0323,obshsss,7
stable_word_0324,snoMh,5
stable_word_0325,hsaYY,5
stable_word_0326,h@shY,5
stable_word_0327,ahhanh,6
stable_word_0328,bnYnh,5
stable_word_0329,nbPab,5
stable_word_0330,bshMs,5
stable_word_0331,baansb,6
stable_word_0332,ahhbns,6
stable_word_0333,ssbYsh,6
stable_word_0334,MoPaa,5
stable_word_0335,bshaos,6
stable_word_0336,hYbbh,5
stable_word_0337,@Yaoh,5
stable_word_0338,oaanha,6
stable_word_0339,Mohba,5
stable_word_0340,abhhba,6
stable_word_0341,hashbb,6
stable_word_0342,hPnsh@ab,8
stable_word_0343,bnMhh,5
stable_word_0344,obshsbs,7
stable_word_0345,haaHsh,6
stable_word_0346,onPas,5
stable_word_0347,ahhssha,7
stable_word_0348,@Mssh,5
stable_word_0349,Mhans,5
stable_word_0350,ohaahbn,7
stable_word_0351,oYnsb,5
stable_word_0352,ahsahhb,7
stable_word_0353,hY@hh,5
stable_word_0354,hhabsY,6
stable_word_0355,aoahsb,6
stable_word_0356,ossss@h,7
stable_word_0357,ho@@b,5
stable_word_0358,bahsab,6
stable_word_0359,hChsnh,6
stable_word_0360,@aahsh,6
stable_word_0361,aManh,5
stable_word_0362,hhsshhs,7
stable_word_0363,aashM,5
stable_word_0364,bohhH,5
stable_word_0365,hMohs,5
stable_word_0366,ohsosoa,7
stable_word_0367,hhobss,6
stable_word_0368,hnbssh,6
stable_word_0369,haahbn,6
stable_word_0370,sbbhsha,7
stable_word_0371,ohYhso,6
stable_word_0372,onsaha,6
stable_word_0373,shohhh,6
stable_word_0374,bb@hb,5
stable_word_0375,abhhsn,6
stable_word_0376,oshPP,5
stable_word_0377,Mhoh@,5
stable_word_0378,aashsa,6
stable_word_0379,hhhhM,5
stable_word_0380,ahhabo,6
stable_word_0381,hhaahsb,7
stable_word_0382,sboohs,6
stable_word_0383,ahhnhh,6
stable_word_0384,sPssY,5
stable_word_0385,babsM,5
stable_word_0386,Mhaas,5
stable_word_0387,sbbssh,6
stable_word_0388,hs@@h,5
stable_word_0389,ahhaM,5
stable_word_0390,as@bn,5
stable_word_0391,aahhbhh,7
stable_word_0392,sMbhb,5
stable_word_0393,oPaaa,5
stable_word_0394,ohY@h,5
stable_word_0395,hhnH@,5
stable_word_0396,ahbbbs,6
stable_word_0397,bashbs,6
stable_word_0398,bshabs,6
stable_word_0399,shasM,5
stable_word_0400,hhhhs@,6
stable_word_0401,oasabb,6
stable_word_0402,ahhnnh,6
stable_word_0403,hhY@h,5
stable_word_0404,ahhahhh,7
stable_word_0405,abhhaa,6
stable_word_0406,assbhn,6
stable_word_0407,oaahhn,6
stable_word_0408,oaaaho,6
stable_word_0409,hYhsnh,6
stable_word_0410,aaahhn,6
stable_word_0411,hshhh@,6
stable_word_0412,PhhhhH,6
stable_word_0413,@hobn,5
stable_word_0414,hoPaM,5
stable_word_0415,@on@h,5
stable_word_0416,Yssob,5
stable_word_0417,haasbbh,7
stable_word_0418,oPasbY,6
stable_word_0419,oh@o@,5
stable_word_0420,@hh@h,5
stable_word_0421,hhYbh,5
stable_word_0422,anhbbh,6
stable_word_0423,oaaabn,6
stable_word_0424,aPashb,6
stable_word_0425,hHPos,5
stable_word_0426,shMbs,5
stable_word_0427,hsaMh,5
stable_word_0428,sasMs,5
stable_word_0429,hsnb@,5
stable_word_0430,Paaab,5
stable_word_0431,haabsn,6
stable_word_0432,haMhn,5
stable_word_0433,oPab@,5
stable_word_0434,ahsbsh,6
stable_word_0435,ahYba,5
stable_word_0436,Mbhho,5
stable_word_0437,bahaah,6
stable_word_0438,ohoMh,5
stable_word_0439,hhhoM,5
stable_word_0440,aPPaHob,7
stable_word_0441,shbMs,5
stable_word_0442,aanMh,5
stable_word_0443,shPbaa,6
stable_word_0444,bhhhoss,7
stable_word_0445,oaaohb,6
stable_word_0446,aPHhh,5
stable_word_0447,ashnH,5
stable_word_0448,bhbahha,7
stable_word_0449,nhhsas,6
stable_word_0450,oab@b,5
stable_word_0451,absHo,5
stable_word_0452,ohYnn,5
stable_word_0453,ahsash,6
stable_word_0454,ssMha,5
stable_word_0455,oPhHh,5
stable_word_0456,hsbPnhsbo,9
stable_word_0457,hhs@hs,6
stable_word_0458,Poaaa,5
stable_word_0459,HPshb,5
stable_word_0460,ashnsh,6
stable_word_0461,hsbabs,6
stable_word_0462,s@nns,5
stable_word_0463,bhaohh,6
stable_word_0464,ahhbab,6
stable_word_0465,asohYh,6
stable_word_0466,snsMh,5
stable_word_0467,hsnnhh,6
stable_word_0468,oasaM,5
stable_word_0469,sCbhh,5
stable_word_0470,Mbnhh,5
stable_word_0471,hhsCh,5
stable_word_0472,sabhM,5
stable_word_0473,h@nbnsn,7
stable_word_0474,Moosa,5
stable_word_0475,a@hYh,5
stable_word_0476,obaahn,6
stable_word_0477,aHhbo,5
stable_word_0478,hhsshbs,7
stable_word_0479,@hsoaa,6
stable_word_0480,oPbob,5
stable_word_0481,bbhhoh,6
stable_word_0482,ossYs,5
stable_word_0483,sbbash,6
stable_word_0484,hbahs@,6
stable_word_0485,hhhhoss,7
stable_word_0486,hsh@@,5
stable_word_0487,bYPnh,5
stable_word_0488,bhhbao,6
stable_word_0489,bPaso@,6
stable_word_0490,h@Yhh,5
stable_word_0491,oPasY,5
stable_word_0492,bshbhn,6
stable_word_0493,hbHhh,5
stable_word_0494,oshhoss,7
stable_word_0495,Mhabs,5
stable_word_0496,hbahbns,7
stable_word_0497,aPaa@,5
stable_word_0498,Cabhh,5
stable_word_0499,bohbh@,6
stable_word_0500,nhaaM,5
stable_word_0501,saMso,5
stable_word_0502,shah@b,6
stable_word_0503,hoohC,5
stable_word_0504,hbosC,5
stable_word_0505,hbbssY,6
stable_word_0506,ahasnb,6
stable_word_0507,hhPYh,5
stable_word_0508,oaa@@,5
stable_word_0509,hhboC,5
stable_word_0510,oh@@h,5
stable_word_0511,oMshh,5
stable_word_0512,bMhah,5
stable_word_0513,soPan,5
stable_word_0514,bhnahh,6
stable_word_0515,hsohhn,6
stable_word_0516,hs@hY,5
stable_word_0517,hhahhhb,7
stable_word_0518,ssahns,6
stable_word_0519,osaHs,5
stable_word_0520,hHbahb,6
stable_word_0521,@@hoh,5
stable_word_0522,aohhbs,6
stable_word_0523,Mhbhh,5
stable_word_0524,@Paa@,5
stable_word_0525,aahsbb,6
stable_word_0526,hhohhn,6
stable_word_0527,bhhhhos,7
stable_word_0528,nbnsnh,6
stable_word_0529,hhbbhha,7
stable_word_0530,shnssh,6
stable_word_0531,bhhabh,6
stable_word_0532,bsssah,6
stable_word_0533,noPao,5
stable_word_0534,sPshss,6
stable_word_0535,asMho,5
stable_word_0536,ohhohh,6
stable_word_0537,ashhbb,6
stable_word_0538,@hsYh,5
stable_word_0539,sbhhahh,7
stable_word_0540,MsPhh,5
stable_word_0541,bahaas,6
stable_word_0542,bshobh,6
stable_word_0543,oshnns,6
stable_word_0544,aa@@b,5
stable_word_0545,hhsssPosh,9
stable_word_0546,aPabP,5
stable_word_0547,aaasYh,6
stable_word_0548,shohM,5
stable_word_0549,hsChP,5
stable_word_0550,hsahbb,6
stable_word_0551,baasbb,6
stable_word_0552,sMbsh,5
stable_word_0553,@oPasb,6
stable_word_0554,bshass,6
stable_word_0555,nPasY,5
stable_word_0556,haohC,5
stable_word_0557,aPabb,5
stable_word_0558,bshPhh,6
stable_word_0559,ashnbs,6
stable_word_0560,an@hb,5
stable_word_0561,hbsMs,5
stable_word_0562,hPnahh,6
stable_word_0563,hhsaYh,6
stable_word_0564,oYhao,5
stable_word_0565,hPPHh,5
stable_word_0566,hoaaM,5
stable_word_0567,abshahh,7
stable_word_0568,naabhb,6
stable_word_0569,Mhh@h,5
stable_word_0570,bbYs@,5
stable_word_0571,hhoMh,5
stable_word_0572,hHabsh,6
stable_word_0573,hYh@h,5
stable_word_0574,aohabh,6
stable_word_0575,HPasb,5
stable_word_0576,MbPhh,5
stable_word_0577,@@nbh,5
stable_word_0578,oaahbb,6
stable_word_0579,ahhbbs,6
stable_word_0580,obaaY,5
stable_word_0581,oYshP,5
stable_word_0582,naYhb,5
stable_word_0583,Mbahh,5
stable_word_0584,oaaabb,6
stable_word_0585,hh@@o,5
stable_word_0586,bssCa,5
stable_word_0587,nbnsn,5
stable_word_0588,bahhabh,7
stable_word_0589,hnbhhaa,7
stable_word_0590,sosoaabohbh,11
stable_word_0591,aahsH,5
stable_word_0592,nhsboo,6
stable_word_0593,hbbCh,5
stable_word_0594,ashMs,5
stable_word_0595,sbbhsa,6
stable_word_0596,ohhhhss,7
stable_word_0597,hanYh,5
stable_word_0598,ahhobo,6
stable_word_0599,ahhboo,6
stable_word_0600,ohP@@,5
stable_word_0601,nshbas,6
stable_word_0602,shhsoh,6
stable_word_0603,bbbahh,6
stable_word_0604,ahMsa,5
stable_word_0605,@hhaH,5
stable_word_0606,bashsb,6
stable_word_0607,Y@hhbno,7
stable_word_0608,ohsbhs,6
stable_word_0609,shosonsb,8
stable_word_0610,obaohs,6
stable_word_0611,shh@oh,6
stable_word_0612,a@bah,5
stable_word_0613,hahhhnn,7
stable_word_0614,@oPaa,5
stable_word_0615,asha@h,6
stable_word_0616,sa@bb,5
stable_word_0617,aPaba,5
stable_word_0618,bossH,5
stable_word_0619,aa@ns,5
stable_word_0620,hbshbb,6
stable_word_0621,ooMhh,5
stable_word_0622,sMsbo,5
stable_word_0623,bshbab,6
stable_word_0624,hnshob,6
stable_word_0625,baahhb,6
stable_word_0626,ssbahs,6
stable_word_0627,aMnhh,5
stable_word_0628,oaanhb,6
stable_word_0629,oPaMh,5
stable_word_0630,hhabhn,6
stable_word_0631,Hahhs,5
stable_word_0632,aabhbs,6
stable_word_0633,hPPao,5
stable_word_0634,h@sPhho,7
stable_word_0635,@Yhhh,5
stable_word_0636,ashnhs,6
stable_word_0637,osssosh,7
stable_word_0638,@hbs@,5
stable_word_0639,ssaHs,5
stable_word_0640,haohbb,6
stable_word_0641,sahabs,6
stable_word_0642,n@hbb,5
stable_word_0643,@nbnsn,6
stable_word_0644,@ab@b,5
stable_word_0645,abhhbs,6
stable_word_0646,nhashs,6
stable_word_0647,Hnnho,5
stable_word_0648,oPasha,6
stable_word_0649,Y@s@h,5
stable_word_0650,boYhb,5
stable_word_0651,@oaaa,5
stable_word_0652,ashbbs,6
stable_word_0653,obaosh,6
stable_word_0654,saahhb,6
stable_word_0655,oPaMs,5
stable_word_0656,Mhhhs,5
stable_word_0657,shsasah,7
stable_word_0658,oPa@b,5
stable_word_0659,hanhba,6
stable_word_0660,bPsaa,5
stable_word_0661,hahhbb,6
stable_word_0662,ashhao,6
stable_word_0663,hbabsY,6
stable_word_0664,Cs@no,5
stable_word_0665,Mbbhn,5
stable_word_0666,sshPP,5
stable_word_0667,aaahsb,6
stable_word_0668,hChbh,5
stable_word_0669,h@ab@,5
stable_word_0670,aPshY,5
stable_word_0671,Cohaa,5
stable_word_0672,ssbhhb,6
stable_word_0673,bsbhaa,6
stable_word_0674,aPshhb,6
stable_word_0675,hoPsnh,6
stable_word_0676,ohhbbs,6
stable_word_0677,hbohna,6
stable_word_0678,bahsahh,7
stable_word_0679,nhhbab,6
stable_word_0680,nPas@,5
stable_word_0681,sh@shh,6
stable_word_0682,hbasbhh,7
stable_word_0683,Hsbbh,5
stable_word_0684,ohhbH,5
stable_word_0685,nPasoa,6
stable_word_0686,aMhbn,5
stable_word_0687,o@hh@,5
stable_word_0688,hsbbH,5
stable_word_0689,hssn@b,6
stable_word_0690,P@aah,5
stable_word_0691,oahhash,7
stable_word_0692,hsaH@,5
stable_word_0693,@abhsh,6
stable_word_0694,hnsbP,5
stable_word_0695,oPasb@,6
stable_word_0696,sbannh,6
stable_word_0697,habhhn,6
stable_word_0698,bbaaha,6
stable_word_0699,aPsosb,6
stable_word_0700,abhhab,6
stable_word_0701,aYhhn,5
stable_word_0702,sshhbb,6
stable_word_0703,@bPsa,5
stable_word_0704,baYha,5
stable_word_0705,bhbass,6
stable_word_0706,shsbsh,6
stable_word_0707,hhans@,6
stable_word_0708,osaash,6
stable_word_0709,Phhh@h,6
stable_word_0710,haansn,6
stable_word_0711,hnohha,6
stable_word_0712,hCosh,5
stable_word_0713,ashbss,6
stable_word_0714,hhna@,5
stable_word_0715,Phaa@,5
stable_word_0716,oHCs@noh,8
stable_word_0717,abhbn,5
stable_word_0718,hYassh,6
stable_word_0719,aPaHh,5
stable_word_0720,bsYna,5
stable_word_0721,Cabhs,5
stable_word_0722,hshh@s,6
stable_word_0723,onbPah,6
stable_word_0724,abahhs,6
stable_word_0725,@Pba@,5
stable_word_0726,ashnbh,6
stable_word_0727,sbbHsh,6
stable_word_0728,hhPhM,5
stable_word_0729,hMh@h,5
stable_word_0730,abhbahh,7
stable_word_0731,aChbn,5
stable_word_0732,oPnsn,5
stable_word_0733,hoabob,6
stable_word_0734,Ysbaa,5
stable_word_0735,bahhao,6
stable_word_0736,shhhs@,6
stable_word_0737,oaaahbs,7
stable_word_0738,bbbsha,6
stable_word_0739,hnPsao,6
stable_word_0740,bhshoha,7
stable_word_0741,bhMnh,5
stable_word_0742,hYsh@,5
stable_word_0743,aoahhn,6
stable_word_0744,ah@nb,5
stable_word_0745,sahassh,7
stable_word_0746,oPanha,6
stable_word_0747,bbbhn,5
stable_word_0748,sPhPP,5
stable_word_0749,bbMhs,5
stable_word_0750,hPPab,5
stable_word_0751,Yhhan,5
stable_word_0752,ohYH@ah,7
stable_word_0753,ahhashb,7
stable_word_0754,bhhnbh,6
stable_word_0755,hh@Mh,5
stable_word_0756,oaY@h,5
stable_word_0757,h@shsh,6
stable_word_0758,hsoMh,5
stable_word_0759,hoahsb,6
stable_word_0760,hnashb,6
stable_word_0761,sPsaah,6
stable_word_0762,sbhbahh,7
stable_word_0763,aPaMh,5
stable_word_0764,hhMh@,5
stable_word_0765,hss@ho,6
stable_word_0766,sabnsh,6
stable_word_0767,hsPososbo,9
stable_word_0768,nshhas,6
stable_word_0769,saaMs,5
stable_word_0770,shsh@h,6
stable_word_0771,shbasb,6
stable_word_0772,bbaHh,5
stable_word_0773,hHbhh,5
stable_word_0774,bhMhs,5
stable_word_0775,oaahhb,6
stable_word_0776,oaaahs,6
stable_word_0777,Yhs@h,5
stable_word_0778,shbhsn,6
stable_word_0779,nsaoss,6
stable_word_0780,@oPhH,5
stable_word_0781,sChhs,5
stable_word_0782,hbshbo,6
stable_word_0783,aahbbhh,7
stable_word_0784,snbnbh,6
stable_word_0785,hhasssb,7
stable_word_0786,n@hns,5
stable_word_0787,nbhhn,5
stable_word_0788,hhhh@h,6
stable_word_0789,ohnaM,5
stable_word_0790,onanha,6
stable_word_0791,aa@ab,5
stable_word_0792,hahhbn,6
stable_word_0793,hhh@ho,6
stable_word_0794,ahabhb,6
stable_word_0795,shhbbs,6
stable_word_0796,hsbhH,5
stable_word_0797,ahbbbh,6
stable_word_0798,sahhahh,7
stable_word_0799,shhhhh,6
stable_word_0800,Mobaa,5
stable_word_0801,HPab@,5
stable_word_0802,h@hshh,6
stable_word_0803,Yhbbb,5
stable_word_0804,abYsb,5
stable_word_0805,hhhMh,5
stable_word_0806,hhnhM,5
stable_word_0807,Psssoa,6
stable_word_0808,sbb@sh,6
stable_word_0809,Phhbbh,6
stable_word_0810,ahabM,5
stable_word_0811,aahabs,6
stable_word_0812,onahha,6
stable_word_0813,@bPaa,5
stable_word_0814,abhonh,6
stable_word_0815,s@shsh,6
stable_word_0816,hassbhh,7
stable_word_0817,@s@ha,5
stable_word_0818,sohbh@,6
stable_word_0819,ohaoM,5
stable_word_0820,Moaaa,5
stable_word_0821,sHPbh,5
stable_word_0822,hbahha,6
stable_word_0823,hsanhs,6
stable_word_0824,bbHnh,5
stable_word_0825,asMbh,5
stable_word_0826,oaoa@,5
stable_word_0827,YH@ah,5
stable_word_0828,aasbbs,6
stable_word_0829,nnhboh,6
stable_word_0830,hbbhs@,6
stable_word_0831,aabsH,5
stable_word_0832,aaasY,5
stable_word_0833,bPsaah,6
stable_word_0834,sbbsss,6
stable_word_0835,@oPasno,7
stable_word_0836,bhhCa,5
stable_word_0837,hho@ha,6
stable_word_0838,HPhsb,5
stable_word_0839,hshh@h,6
stable_word_0840,nohhah,6
stable_word_0841,Pahhhh,6
stable_word_0842,h@h@h,5
stable_word_0843,ahbahho,7
stable_word_0844,hnbhY,5
stable_word_0845,hoaMh,5
stable_word_0846,abhbb,5
stable_word_0847,hhbhC,5
stable_word_0848,s@bbs,5
stable_word_0849,ahhH@,5
stable_word_0850,hsnsM,5
stable_word_0851,habhba,6
stable_word_0852,oasaha,6
stable_word_0853,bahhno,6
stable_word_0854,aPaab,5
stable_word_0855,naahba,6
stable_word_0856,b@ha@,5
stable_word_0857,ohaashb,7
stable_word_0858,shH@Ch,6
stable_word_0859,aPasY,5
stable_word_0860,abasbhh,7
stable_word_0861,onahbb,6
stable_word_0862,ahabhhs,7
stable_word_0863,sYhPh,5
stable_word_0864,ahhbbh,6
stable_word_0865,Ybbah,5
stable_word_0866,bahsbo,6
stable_word_0867,asasbs,6
stable_word_0868,obsaha,6
stable_word_0869,@bahsh,6
stable_word_0870,nHPah,5
stable_word_0871,abasnh,6
stable_word_0872,hMPhh,5
stable_word_0873,aPahha,6
stable_word_0874,oYsah,5
stable_word_0875,obashs,6
stable_word_0876,hshhM,5
stable_word_0877,nhnshh,6
stable_word_0878,aMsbh,5
stable_word_0879,ohhMh,5
stable_word_0880,h@hhh,5
stable_word_0881,ahbbY,5
stable_word_0882,oaasM,5
stable_word_0883,Psab@,5
stable_word_0884,hhbbhs,6
stable_word_0885,hHhaH,5
stable_word_0886,Cs@noh,6
stable_word_0887,Mbbhsh,6
stable_word_0888,hbbsao,6
stable_word_0889,hoHaa,5
stable_word_0890,nbhsah,6
stable_word_0891,hhaasbh,7
stable_word_0892,bahhab,6
stable_word_0893,sabHs,5
stable_word_0894,PPash,5
stable_word_0895,hPaa@h,6
stable_word_0896,snhhno,6
stable_word_0897,ohbbhh,6
stable_word_0898,ahhhbo,6
stable_word_0899,bbhbah,6
stable_word_0900,hanMh,5
stable_word_0901,@Yssh,5
stable_word_0902,ahhhnh,6
stable_word_0903,shsshhs,7
stable_word_0904,@haYh,5
stable_word_0905,snbhsa,6
stable_word_0906,hHasbh,6
stable_word_0907,sbnCb@,6
stable_word_0908,Ybbhh,5
stable_word_0909,nhhbY,5
stable_word_0910,bhbbhs,6
stable_word_0911,bhshhos,7
stable_word_0912,aPa@n,5
stable_word_0913,hYss@,5
stable_word_0914,ahhhshh,7
stable_word_0915,nbhhaa,6
stable_word_0916,aHPnh,5
stable_word_0917,aPsab,5
stable_word_0918,hbPsab,6
stable_word_0919,ohabhb,6
stable_word_0920,s@hbn,5
stable_word_0921,baa@n,5
stable_word_0922,hnshsP,6
stable_word_0923,shh@hh,6
stable_word_0924,hbbHsh,6
stable_word_0925,bhhhM,5
stable_word_0926,oaasbb,6
stable_word_0927,Yo@hh,5
stable_word_0928,sbhhabh,7
stable_word_0929,hYnbh,5
stable_word_0930,hobMh,5
stable_word_0931,aYhao,5
stable_word_0932,bnah@,5
stable_word_0933,snhsbh,6
stable_word_0934,bhhahsCs,8
stable_word_0935,hhbssY,6
stable_word_0936,hhhhhhh,7
stable_word_0937,hohMa,5
stable_word_0938,@Ybbh,5
stable_word_0939,hssM@,5
stable_word_0940,hab@n,5
stable_word_0941,ahsbhb,6
stable_word_0942,ohsonh,6
stable_word_0943,bPh@a,5
stable_word_0944,bPsab,5
stable_word_0945,Mabhb,5
stable_word_0946,shh@Y,5
stable_word_0947,bassC,5
stable_word_0948,bMhsb,5
stable_word_0949,HPahn,5
stable_word_0950,hYnoh,5
stable_word_0951,soHaa,5
stable_word_0952,asahhn,6
stable_word_0953,sahsbs,6
stable_word_0954,oahssb,6
stable_word_0955,anssnh,6
stable_word_0956,hbbbsh,6
stable_word_0957,sshah@,6
stable_word_0958,hhhshhs,7
stable_word_0959,oshbbs,6
stable_word_0960,aPHah,5
stable_word_0961,sbnhsh,6
stable_word_0962,anhnbh,6
stable_word_0963,bhhahso,7
stable_word_0964,ohsnM,5
stable_word_0965,sbHhs,5
stable_word_0966,aMhoh,5
stable_word_0967,oPaaha,6
stable_word_0968,hHbahbP,7
stable_word_0969,oaashb,6
stable_word_0970,hanshn,6
stable_word_0971,hns@@,5
stable_word_0972,h@b@h,5
stable_word_0973,sobaah,6
stable_word_0974,nhhshh,6
stable_word_0975,hhbaM,5
stable_word_0976,aahnbh,6
stable_word_0977,hhashab,7
stable_word_0978,ohbb@,5
stable_word_0979,ashbbh,6
stable_word_0980,nhMhh,5
stable_word_0981,Yansb,5
stable_word_0982,ahsbbs,6
stable_word_0983,aPsaah,6
stable_word_0984,hsah@a,6
stable_word_0985,hnshM,5
stable_word_0986,oPasnoh,7
stable_word_0987,hshhosss,8
stable_word_0988,bahoas,6
stable_word_0989,oh@saoss,8
stable_word_0990,ohaY@,5
stable_word_0991,hhYhh,5
stable_word_0992,@aPso,5
stable_word_0993,aPsbhs,6
stable_word_0994,bohnah,6
stable_word_0995,Cnsao,5
stable_word_0996,hPhaah,6
stable_word_0997,hsbaH,5
stable_word_0998,haPsos,6
stable_word_0999,shhshob,7
stable_word_1000,bohbh@nb,8
stable_word_1001,bhMha,5
stable_word_1002,nshhass,7
stable_word_1003,bnohb,5
stable_word_1004,aYsbb,5
stable_word_1005,Mbhhhh,6
stable_word_1006,bbasnh,6
stable_word_1007,hbbMs,5
stable_word_1008,Y@hho,5
stable_word_1009,nsssbo,6
stable_word_1010,oaahbs,6
stable_word_1011,habasbh,7
stable_word_1012,hhnbhh,6
stable_word_1013,bPsahh,6
stable_word_1014,Mbabsh,6
stable_word_1015,hsh@Y,5
stable_word_1016,oPaa@,5
stable_word_1017,haahhs,6
stable_word_1018,hbPaah,6
stable_word_1019,bbsbas,6
stable_word_1020,Ybbhb,5
stable_word_1021,bPssY,5
stable_word_1022,bYshP,5
stable_word_1023,Chhho,5
stable_word_1024,Pnhhhh,6
stable_word_1025,Mohsh,5
stable_word_1026,shoPaa,6
stable_word_1027,hbPsso,6
stable_word_1028,oha@@,5
stable_word_1029,bnMsh,5
stable_word_1030,osPoso,6
stable_word_1031,ohCbs,5
stable_word_1032,snMhh,5
stable_word_1033,aMhha,5
stable_word_1034,hahsbn,6
stable_word_1035,nnhsb,5
stable_word_1036,bbhbas,6
stable_word_1037,aMhab,5
stable_word_1038,hhahsss,7
stable_word_1039,oPanhs,6
stable_word_1040,habshn,6
stable_word_1041,shoohh,6
stable_word_1042,obna@,5
stable_word_1043,aHnbh,5
stable_word_1044,ossobsh,7
stable_word_1045,hsoYsh,6
stable_word_1046,onaaM,5
stable_word_1047,hshbM,5
stable_word_1048,anahhb,6
stable_word_1049,shbashb,7
stable_word_1050,@ho@h,5
stable_word_1051,nhhMb,5
stable_word_1052,aHsbo,5
stable_word_1053,onaaha,6
stable_word_1054,hhbshaa,7
stable_word_1055,aahMa,5
stable_word_1056,snasohY,7
stable_word_1057,oaansb,6
stable_word_1058,assbss,6
stable_word_1059,hPaahs,6
stable_word_1060,ahhsb@,6
stable_word_1061,ohhb@,5
stable_word_1062,hnbhsb,6
stable_word_1063,Phhhhos,7
stable_word_1064,Mohhh,5
stable_word_1065,haashnh,7
stable_word_1066,hHPaa,5
stable_word_1067,hsshbn,6
stable_word_1068,PaPab,5
stable_word_1069,@aPsb,5
stable_word_1070,ba@hn,5
stable_word_1071,asnohso,7
stable_word_1072,hsnMh,5
stable_word_1073,ahhbshh,7
stable_word_1074,@@Phh,5
stable_word_1075,b@bnh,5
stable_word_1076,hnnhha,6
stable_word_1077,@obna,5
stable_word_1078,haashbb,7
stable_word_1079,oPnas,5
stable_word_1080,ohbanh,6
stable_word_1081,bnsbhs,6
stable_word_1082,nnhooh,6
stable_word_1083,ashbash,7
stable_word_1084,oaaaha,6
stable_word_1085,Mosaa,5
stable_word_1086,oaaahb,6
stable_word_1087,aaaahb,6
stable_word_1088,hbPssb,6
stable_word_1089,baPas,5
stable_word_1090,hossss@,7
stable_word_1091,assbbs,6
stable_word_1092,soPaah,6
stable_word_1093,Y@ooh,5
stable_word_1094,bhhaahh,7
stable_word_1095,hbnHh,5
stable_word_1096,ha@hsh,6
stable_word_1097,sbPsP,5
stable_word_1098,sbhMs,5
stable_word_1099,obaaha,6
stable_word_1100,aa@bb,5
stable_word_1101,hssshhh,7
stable_word_1102,hHHhs,5
stable_word_1103,Mbohh,5
stable_word_1104,nhahM,5
stable_word_1105,bahhob,6
stable_word_1106,sPPss,5
stable_word_1107,shPaaa,6
stable_word_1108,hY@sh,5
stable_word_1109,obaMh,5
stable_word_1110,obanhh,6
stable_word_1111,h@sPhh,6
stable_word_1112,sosboo,6
stable_word_1113,hhsYaP,6
stable_word_1114,bashbb,6
stable_word_1115,aaabhb,6
stable_word_1116,aPbab,5
stable_word_1117,aPbos,5
stable_word_1118,haaMh,5
stable_word_1119,b@@ha,5
stable_word_1120,aPahhs,6
stable_word_1121,bhbshh,6
stable_word_1122,aPaosb,6
stable_word_1123,ohaasb,6
stable_word_1124,sahsbb,6
stable_word_1125,s@oPasn,7
stable_word_1126,hoChh,5
stable_word_1127,hHassh,6
stable_word_1128,o@bh@,5
stable_word_1129,haaohb,6
stable_word_1130,nhbnn,5
stable_word_1131,bahssb,6
stable_word_1132,hMhoh,5
stable_word_1133,Moasa,5
stable_word_1134,oabhhs,6
stable_word_1135,bPsabh,6
stable_word_1136,aPaosa,6
stable_word_1137,ooh@nb,6
stable_word_1138,shh@C,5
stable_word_1139,@aPao,5
stable_word_1140,shonsh,6
stable_word_1141,hPaaY,5
stable_word_1142,hhsMh,5
stable_word_1143,sHshH,5
stable_word_1144,nPbah,5
stable_word_1145,shasso,6
stable_word_1146,Cbbhs,5
stable_word_1147,@hah@,5
stable_word_1148,nohhao,6
stable_word_1149,oPbnh,5
stable_word_1150,bhhMa,5
stable_word_1151,ahhMb,5
stable_word_1152,o@sa@,5
stable_word_1153,naashb,6
stable_word_1154,aahbH,5
stable_word_1155,abbbbh,6
stable_word_1156,Paso@,5
stable_word_1157,aaChs,5
stable_word_1158,nbaosh,6
stable_word_1159,habYnh,6
stable_word_1160,HoMss,5
stable_word_1161,hanhho,6
stable_word_1162,hhhso@,6
stable_word_1163,@hHss,5
stable_word_1164,ahhboh,6
stable_word_1165,Mhass,5
stable_word_1166,sMhnh,5
stable_word_1167,haohhb,6
stable_word_1168,hhhbY,5
stable_word_1169,habhbn,6
stable_word_1170,hhsssPss,8
stable_word_1171,hoashhs,7
stable_word_1172,HPnhb,5
stable_word_1173,oPsnb,5
stable_word_1174,ahYbb,5
stable_word_1175,ohoahh,6
stable_word_1176,oPabhb,6
stable_word_1177,HaahP,5
stable_word_1178,sbPaa,5
stable_word_1179,hhaaHs,6
stable_word_1180,o@aa@,5
stable_word_1181,hshMb,5
stable_word_1182,Mhbss,5
stable_word_1183,oPbab,5
stable_word_1184,hhbbhn,6
stable_word_1185,hbaoho,6
stable_word_1186,hHPsa,5
stable_word_1187,sHsoo,5
stable_word_1188,sn@hb,5
stable_word_1189,Yahhhh,6
stable_word_1190,anaahs,6
stable_word_1191,hhhs@h,6
stable_word_1192,nsbaM,5
stable_word_1193,oabsha,6
stable_word_1194,so@@h,5
stable_word_1195,bhhahsC,7
stable_word_1196,hashbn,6
stable_word_1197,ohabhh,6
stable_word_1198,sHoPs,5
stable_word_1199,aYhno,5
stable_word_1200,@hbbY,5
stable_word_1201,Yhhbn,5
stable_word_1202,hhhshM,6
stable_word_1203,bPsno,5
stable_word_1204,hh@shs,6
stable_word_1205,hhbbss,6
stable_word_1206,@hsMh,5
stable_word_1207,hhnbH,5
stable_word_1208,nhhMn,5
stable_word_1209,nhMah,5
stable_word_1210,aoPsa,5
stable_word_1211,bhasbh,6
stable_word_1212,h@sshs,6
stable_word_1213,hohMs,5
stable_word_1214,nhassb,6
stable_word_1215,absMh,5
stable_word_1216,HPnhh,5
stable_word_1217,bahhbb,6
stable_word_1218,hhnnhh,6
stable_word_1219,onaa@,5
stable_word_1220,YsbPh,5
stable_word_1221,shnHh,5
stable_word_1222,bMssa,5
stable_word_1223,hasssah,7
stable_word_1224,Cbahs,5
stable_word_1225,ohaaM,5
stable_word_1226,Mhahs,5
stable_word_1227,hbasahh,7
stable_word_1228,ashbns,6
stable_word_1229,hPsabh,6
stable_word_1230,bMhhs,5
stable_word_1231,ooaaM,5
stable_word_1232,b@hnn,5
stable_word_1233,hanshs,6
stable_word_1234,hhh@Y,5
stable_word_1235,nsbbhh,6
stable_word_1236,hsnbhs,6
stable_word_1237,abhhas,6
stable_word_1238,osssbsh,7
stable_word_1239,ohoshh,6
stable_word_1240,bPhhhh,6
stable_word_1241,n@hhb,5
stable_word_1242,hhbhhba,7
stable_word_1243,ahsHb,5
stable_word_1244,sPsao,5
stable_word_1245,hossss@h,8
stable_word_1246,obbaha,6
stable_word_1247,soaabo,6
stable_word_1248,@bbhsh,6
stable_word_1249,bPanhh,6
stable_word_1250,aahhns,6
stable_word_1251,nYhoa,5
stable_word_1252,b@hna,5
stable_word_1253,ashabs,6
stable_word_1254,@hhs@,5
stable_word_1255,hnHhb,5
stable_word_1256,ohsPhh,6
stable_word_1257,sshshhs,7
stable_word_1258,hCbbh,5
stable_word_1259,ohsCh,5
stable_word_1260,haahbb,6
stable_word_1261,aoYab,5
stable_word_1262,@Pnsb,5
stable_word_1263,hhaa@h,6
stable_word_1264,aMsbb,5
stable_word_1265,ahsbbY,6
stable_word_1266,nhhoY,5
stable_word_1267,hnhshb,6
stable_word_1268,P@n@P,5
stable_word_1269,bbhhao,6
stable_word_1270,abhYb,5
stable_word_1271,oPaaY,5
stable_word_1272,aahhbb,6
stable_word_1273,haashb,6
stable_word_1274,hhashsh,7
stable_word_1275,banPa,5
stable_word_1276,oHaahh,6
stable_word_1277,aohhbo,6
stable_word_1278,aahhbbh,7
stable_word_1279,haa@ha,6
stable_word_1280,ahhsbs,6
stable_word_1281,@hh@s,5
stable_word_1282,aPnos,5
stable_word_1283,nahsbh,6
stable_word_1284,bsssM,5
stable_word_1285,bs@ahh,6
stable_word_1286,oPaaM,5
stable_word_1287,ahhbH,5
stable_word_1288,babasb,6
stable_word_1289,obaahh,6
stable_word_1290,oaaaM,5
stable_word_1291,sosoaaboh,9
stable_word_1292,hChhh,5
stable_word_1293,shYob,5
stable_word_1294,obaash,6
stable_word_1295,@@han,5
stable_word_1296,hPasob,6
stable_word_1297,nHP@h,5
stable_word_1298,aahhbs,6
stable_word_1299,@aa@h,5
stable_word_1300,aashnh,6
stable_word_1301,haoaash,7
stable_word_1302,bPoos,5
stable_word_1303,oaaasb,6
stable_word_1304,n@hhn,5
stable_word_1305,osbbY,5
stable_word_1306,ahhbhhh,7
stable_word_1307,hsbhba,6
stable_word_1308,hhsbM,5
stable_word_1309,bhbbhh,6
stable_word_1310,hbbhna,6
stable_word_1311,oabaha,6
stable_word_1312,hhnhhh,6
stable_word_1313,aPaoh,5
stable_word_1314,a@shbh,6
stable_word_1315,PssYh,5
stable_word_1316,@hhhhs,6
stable_word_1317,hosMh,5
stable_word_1318,hsh@hs,6
stable_word_1319,nPhhas,6
stable_word_1320,ossnbnbhsh,10
stable_word_1321,hnnsso,6
stable_word_1322,sMhhn,5
stable_word_1323,sMbhh,5
stable_word_1324,h@o@h,5
stable_word_1325,Panhs,5
stable_word_1326,nshnM,5
stable_word_1327,Mbahs,5
stable_word_1328,Cbass,5
stable_word_1329,s@hoss,6
stable_word_1330,hhhaahh,7
stable_word_1331,haaYb,5
stable_word_1332,habMh,5
stable_word_1333,ahYnb,5
stable_word_1334,bsMss,5
stable_word_1335,anh@n,5
stable_word_1336,ahsnbh,6
