candidate_id,mutation_set,candidate_kind,panel_category,current_pool_status,energy_protocol_family,replicate_count,delta_complex_total_score_median,delta_complex_total_score_mad,delta_separated_state_score_median,delta_separated_state_score_mad,delta_dG_separated_median,delta_dG_separated_mad,delta_cross_interface_energy_median,delta_cross_interface_energy_mad,complex_favorable_replicate_count,separated_state_favorable_replicate_count,separated_state_adverse_replicate_count,binding_favorable_replicate_count,cross_interface_favorable_replicate_count,energy_origin_class,energy_origin_review_flag,absolute_rosetta_scores_compared_across_protocols,separated_state_is_measured_monomer_stability
Nb252_aff_seq045_R45T,R45T,single_mutant,affinity_focused_single,preliminary_panel,affinity_single_full_scan_3rep,3,0.5988788655229769,0.0,3.5516389950031453,0.4706348838763006,-2.9527601294801684,0.4706348838763006,-1.8534795386423752,0.0,0,0,3,3,3,apparent_binding_gain_driven_by_separated_destabilization,strong_separated_destabilization_caution,False,False
Nb252_aff_seq045_R45V,R45V,single_mutant,affinity_focused_single,preliminary_panel,affinity_single_full_scan_3rep,3,0.2174859979465964,0.0,2.870951506354686,0.11084592642373536,-2.6534655084080896,0.11084592642373536,-1.7346077797963062,0.0,0,0,3,3,3,apparent_binding_gain_driven_by_separated_destabilization,strong_separated_destabilization_caution,False,False
Nb252_aff_seq101_D101W,D101W,single_mutant,affinity_focused_single,preliminary_panel,affinity_single_full_scan_3rep,3,3.5899751843283525,0.0,5.25007865422117,0.11084592642373536,-1.6601034698928174,0.11084592642373536,-2.3910103118316357,0.0,0,0,3,3,3,apparent_binding_gain_driven_by_separated_destabilization,strong_separated_destabilization_caution,False,False
Nb252_aff_seq103_I103W,I103W,single_mutant,affinity_focused_single,preliminary_panel,affinity_single_full_scan_3rep,3,4.352709502889525,0.0,5.46862416721018,0.7041174640071972,-0.7721482142119385,0.343766450108717,-2.9773457542891038,0.0,0,0,3,3,3,apparent_binding_gain_driven_by_separated_destabilization,strong_separated_destabilization_caution,False,False
Nb252_aff_seq105_E105F,E105F,single_mutant,affinity_focused_single,preliminary_panel,affinity_single_full_scan_3rep,3,-6.693648395393041,0.0,-2.587960249092248,0.11084592642373536,-4.105688146300793,0.11084592642373536,-5.70368215535062,0.0,3,3,0,3,3,complex_and_separated_state_stabilization,review_with_existing_multitool_evidence,False,False
Nb252_aff_seq105_E105L,E105L,single_mutant,affinity_focused_single,preliminary_panel,affinity_single_full_scan_3rep,3,-4.701184374165166,0.0,-0.8246472589841574,0.11084592642373536,-3.8765371151810086,0.11084592642373536,-2.181936113719175,0.0,3,3,0,3,3,complex_and_separated_state_stabilization,review_with_existing_multitool_evidence,False,False
Nb252_aff_seq107_N107A,N107A,single_mutant,affinity_focused_single,preliminary_panel,affinity_single_full_scan_3rep,3,-0.8520649344695244,0.0,1.7112225044152183,0.0,-2.5632874388847426,0.0,-1.0670760030598814,0.0,3,0,3,3,3,consistent_separated_destabilization_caution,review_with_existing_multitool_evidence,False,False
Nb252_aff_seq114_S114M,S114M,single_mutant,affinity_focused_single,preliminary_panel,affinity_single_full_scan_3rep,3,-1.9472259175635145,0.0,1.4039843535481964,0.11084592642373536,-3.351210271111711,0.11084592642373536,-2.770584083966412,0.0,3,0,3,3,3,consistent_separated_destabilization_caution,review_with_existing_multitool_evidence,False,False
Nb252_double_A23S__E105F,A23S;E105F,double_mutant,balanced_combination,preliminary_panel,double_position_pair_local_3rep,3,-8.593586767654187,0.0,-1.7891974123425598,0.29926730277122715,-5.793051147281574,0.6322819848729182,-6.519772982865533,0.0,3,3,0,3,3,complex_and_separated_state_stabilization,review_with_existing_multitool_evidence,False,False
Nb252_double_A23S__E105L,A23S;E105L,double_mutant,balanced_combination,preliminary_panel,double_position_pair_local_3rep,3,-5.832518654550256,0.8107528038830765,-1.844734605204792,0.9993326725586371,-3.1770312454623877,0.23088946771747487,-2.361709027542787,0.1957289390021657,3,3,0,3,3,complex_and_separated_state_stabilization,review_with_existing_multitool_evidence,False,False
Nb252_double_A23S__R45V,A23S;R45V,double_mutant,balanced_combination,reserve,double_position_pair_local_3rep,3,-1.7136427458995627,0.0,3.0989566604725383,0.5992133924503378,-4.812599406372101,0.5992133924503378,-1.9321420300667995,0.0,3,0,3,3,3,consistent_separated_destabilization_caution,review_with_existing_multitool_evidence,False,False
Nb252_double_F30A__E105L,F30A;E105L,double_mutant,balanced_combination,preliminary_panel,double_position_pair_local_3rep,3,-0.45120350587251323,0.0,3.2192450246823228,0.2703681780365059,-3.670448530554836,0.2703681780365059,-2.426801275646568,0.0,3,0,3,3,3,consistent_separated_destabilization_caution,review_with_existing_multitool_evidence,False,False
Nb252_double_F30A__R45V,F30A;R45V,double_mutant,balanced_combination,preliminary_panel,double_position_pair_local_3rep,3,3.749399018083409,0.0,6.093698400414553,0.6836075330991207,-2.344299382331144,0.6836075330991207,-2.077724025085061,0.0,0,0,3,3,3,apparent_binding_gain_driven_by_separated_destabilization,strong_separated_destabilization_caution,False,False
Nb252_double_F30S__E105L,F30S;E105L,double_mutant,affinity_supported_double,reserve,double_position_pair_local_3rep,3,-1.3286071143935487,0.0,2.3262666746586547,1.2484564005411585,-3.6548737890522034,1.2484564005411585,-1.9679174448703805,0.0,3,0,3,3,3,consistent_separated_destabilization_caution,review_with_existing_multitool_evidence,False,False
Nb252_double_F30T__E105F,F30T;E105F,double_mutant,affinity_supported_double,reserve,double_position_pair_local_3rep,3,-3.3476386000926937,0.0,2.3428440966073367,0.9799205483661808,-5.69048269670003,0.9799205483661808,-6.398346763572661,0.0,3,0,3,3,3,consistent_separated_destabilization_caution,review_with_existing_multitool_evidence,False,False
Nb252_double_F30T__R45T,F30T;R45T,double_mutant,balanced_combination,preliminary_panel,double_position_pair_local_3rep,3,4.427442287143549,0.0,6.284160613766744,1.638132965069076,-1.856718326623195,1.638132965069076,-2.156605950529439,0.0,0,0,3,3,3,apparent_binding_gain_driven_by_separated_destabilization,strong_separated_destabilization_caution,False,False
Nb252_double_Q1D__E105F,Q1D;E105F,double_mutant,balanced_combination,preliminary_panel,double_position_pair_local_3rep,3,-0.41145560679228765,0.0,5.248610616906717,0.4157201566213189,-5.896096737955247,0.17968964236507645,-6.3600897056275585,0.0,3,0,3,3,3,consistent_separated_destabilization_caution,review_with_existing_multitool_evidence,False,False
Nb252_double_Q1D__E105L,Q1D;E105L,double_mutant,balanced_combination,preliminary_panel,double_position_pair_local_3rep,3,1.1515856576839951,0.0,5.720606270130872,0.13185037204652872,-4.569020612446877,0.13185037204652872,-2.7576072585792275,0.0,1,0,3,3,3,consistent_separated_destabilization_caution,review_with_existing_multitool_evidence,False,False
Nb252_double_Q1D__F30T,Q1D;F30T,double_mutant,balanced_combination,preliminary_panel,double_position_pair_local_3rep,3,10.395956409744826,0.0,12.062861364065725,0.00797393035315963,-1.6669049543208985,0.00797393035315963,-0.8385086236310855,0.0,0,0,3,2,3,consistent_separated_destabilization_caution,review_with_existing_multitool_evidence,False,False
Nb252_double_Q1D__R45V,Q1D;R45V,double_mutant,balanced_combination,preliminary_panel,double_position_pair_local_3rep,3,6.4909325165072005,0.0,10.04356038239257,0.21731279328787423,-3.55262786588537,0.21731279328787423,-1.797867784347602,0.0,0,0,3,3,3,apparent_binding_gain_driven_by_separated_destabilization,strong_separated_destabilization_caution,False,False
Nb252_double_R45T__E105F,R45T;E105F,double_mutant,balanced_combination,reserve,double_position_pair_local_3rep,3,-6.402316849675458,0.0,2.2095378600417916,1.662078819791418,-8.61185470971725,1.662078819791418,-7.682412005533649,0.0,3,0,3,3,3,consistent_separated_destabilization_caution,review_with_existing_multitool_evidence,False,False
Nb252_double_R45T__E105L,R45T;E105L,double_mutant,property_supported_double,reserve,double_position_pair_local_3rep,3,-5.133860308563044,0.0,1.568197448555111,0.205852258167738,-6.702057757118155,0.205852258167738,-4.2060362827389355,0.0,3,0,3,3,3,consistent_separated_destabilization_caution,review_with_existing_multitool_evidence,False,False
Nb252_double_R45T__N107A,R45T;N107A,double_mutant,balanced_combination,preliminary_panel,double_position_pair_local_3rep,3,0.21967072332000726,0.0,6.614100738881291,0.05093982292510191,-6.394430015561284,0.05093982292510191,-2.747962785187397,0.0,0,0,3,3,3,apparent_binding_gain_driven_by_separated_destabilization,strong_separated_destabilization_caution,False,False
Nb252_double_R45T__S55G,R45T;S55G,double_mutant,balanced_combination,preliminary_panel,double_position_pair_local_3rep,3,4.201547063555154,0.0,6.148497689851183,1.2040751253662165,-1.9469506262960294,1.2040751253662165,-2.458581027465769,0.0,0,0,3,3,3,apparent_binding_gain_driven_by_separated_destabilization,strong_separated_destabilization_caution,False,False
Nb252_double_R45V__E105F,R45V;E105F,double_mutant,balanced_combination,preliminary_panel,double_position_pair_local_3rep,3,-7.864498422295242,0.0,1.8705532378276644,0.5539998920220341,-9.735051660122906,0.5539998920220341,-7.85990604981518,0.0,3,0,3,3,3,consistent_separated_destabilization_caution,review_with_existing_multitool_evidence,False,False
Nb252_double_R45V__E105L,R45V;E105L,double_mutant,balanced_combination,preliminary_panel,double_position_pair_local_3rep,3,-5.519547813950737,0.0,1.571570713866322,0.2552400497195322,-7.091118527817059,0.2552400497195322,-4.021124647122932,0.0,3,0,3,3,3,consistent_separated_destabilization_caution,review_with_existing_multitool_evidence,False,False
Nb252_double_R45V__N107A,R45V;N107A,double_mutant,balanced_combination,preliminary_panel,double_position_pair_local_3rep,3,-1.2392665599049906,0.0,4.450984922046871,0.0,-5.6902514819518615,0.0,-2.6517483268728625,0.0,3,0,3,3,3,consistent_separated_destabilization_caution,review_with_existing_multitool_evidence,False,False
Nb252_double_S55G__E105F,S55G;E105F,double_mutant,property_supported_double,reserve,double_position_pair_local_3rep,3,-2.2468091754644206,0.0,3.894801778232818,0.4096355278579722,-6.1416109536972385,0.4096355278579722,-5.890842603731912,0.0,3,0,3,3,3,consistent_separated_destabilization_caution,review_with_existing_multitool_evidence,False,False
Nb252_double_S55G__E105L,S55G;E105L,double_mutant,balanced_combination,preliminary_panel,double_position_pair_local_3rep,3,0.7546910664923985,0.0,4.618457094991072,0.5522217728978376,-3.8637660284986737,0.5522217728978376,-1.9782338039796343,0.0,0,0,3,3,3,apparent_binding_gain_driven_by_separated_destabilization,strong_separated_destabilization_caution,False,False
Nb252_double_S55G__N107A,S55G;N107A,double_mutant,balanced_combination,preliminary_panel,double_position_pair_local_3rep,3,4.324318210450201,0.0,6.97172344600591,0.03988196927360832,-2.647405235555709,0.03988196927360832,-0.8776589140898068,0.0,0,0,3,3,3,apparent_binding_gain_driven_by_separated_destabilization,strong_separated_destabilization_caution,False,False
Nb252_uni_seq001_Q1D,Q1D,single_mutant,property_focused_single,preliminary_panel,property_single_local_3rep,3,6.291722109511454,0.0,6.630074423424048,0.15810882319044595,-0.3383523139125941,0.15810882319044595,-0.431899893196686,0.0,0,0,3,3,3,apparent_binding_gain_driven_by_separated_destabilization,strong_separated_destabilization_caution,False,False
Nb252_uni_seq023_A23S,A23S,single_mutant,property_focused_single,preliminary_panel,property_single_local_3rep,3,-1.1837098570470062,0.0,-0.23060601813944004,0.00843385931841567,0.049800509804072135,0.36014545784166785,-0.06981646982848133,0.0,3,3,0,1,2,complex_and_separated_state_stabilization,review_with_existing_multitool_evidence,False,False
Nb252_uni_seq030_F30A,F30A,single_mutant,property_focused_single,preliminary_panel,property_single_local_3rep,3,4.632668472064438,0.0,4.93460179492439,1.086505735658477,-0.3019333228599521,1.086505735658477,-0.2611335529723249,0.0,0,0,3,2,3,consistent_separated_destabilization_caution,review_with_existing_multitool_evidence,False,False
Nb252_uni_seq030_F30S,F30S,single_mutant,property_focused_single,preliminary_panel,property_single_local_3rep,3,3.598047540075072,0.0,4.1249079655476635,0.407187771072131,-0.5268604254725915,0.407187771072131,0.5287629095403901,0.0,0,0,3,2,0,consistent_separated_destabilization_caution,review_with_existing_multitool_evidence,False,False
Nb252_uni_seq030_F30T,F30T,single_mutant,property_focused_single,preliminary_panel,property_single_local_3rep,3,3.6544160943926727,0.0,3.5548910653086523,0.9785181083867087,0.09952502908402039,0.9785181083867087,-0.30324855270903583,0.0,0,0,3,1,3,consistent_separated_destabilization_caution,review_with_existing_multitool_evidence,False,False
Nb252_uni_seq055_S55G,S55G,single_mutant,property_focused_single,preliminary_panel,property_single_local_3rep,3,4.701508801005502,0.0,4.4744798143859725,0.6741266106047874,0.22702898661952986,0.6741266106047874,-0.052460394130747545,0.0,0,0,3,1,3,consistent_separated_destabilization_caution,review_with_existing_multitool_evidence,False,False
