feature,predictor,outer_scheme,tp,tn,fp,fn,mcc,balanced_accuracy,sensitivity,specificity,n,positive_count,prevalence,roc_auc,pr_auc_average_precision,score_threshold_median,score_threshold_q1,score_threshold_q3,score_threshold_min,score_threshold_max,fixed_yield_threshold,threshold_fit_scope
rp3net_expression_probability,RP3Net,leave_one_out,10,7,10,4,0.13110565838010918,0.5630252100840336,0.7142857142857143,0.4117647058823529,31,14,0.45161290322580644,0.7436974789915967,0.6354220658568485,0.25673528015613556,0.25673528015613556,0.5161884501576424,0.22248851507902145,0.7756416201591492,5.0,outer_training_fold
rp3net_expression_probability,RP3Net,leave_one_cluster_out,10,7,10,4,0.13110565838010918,0.5630252100840336,0.7142857142857143,0.4117647058823529,31,14,0.45161290322580644,0.7436974789915967,0.6354220658568485,0.25673528015613556,0.25673528015613556,0.7756416201591492,0.25673528015613556,0.7756416201591492,5.0,outer_training_fold
rp3net_expression_probability,RP3Net,apparent_full_sample,14,7,10,0,0.4900980294098034,0.7058823529411764,1.0,0.4117647058823529,31,14,0.45161290322580644,0.7436974789915967,0.6354220658568485,0.25673528015613556,0.25673528015613556,0.25673528015613556,0.25673528015613556,0.25673528015613556,5.0,all_numeric_rows_apparent
predicted_usability,NetSolP U,leave_one_out,10,12,5,4,0.4184137043778615,0.7100840336134454,0.7142857142857143,0.7058823529411765,31,14,0.45161290322580644,0.7436974789915967,0.7244061890490461,0.39860621,0.39860621,0.39860621,0.398558915,0.39955268499999996,5.0,outer_training_fold
predicted_usability,NetSolP U,leave_one_cluster_out,10,12,5,4,0.4184137043778615,0.7100840336134454,0.7142857142857143,0.7058823529411765,31,14,0.45161290322580644,0.7436974789915967,0.7244061890490461,0.39860621,0.39860621,0.39860621,0.398558915,0.39955268499999996,5.0,outer_training_fold
predicted_usability,NetSolP U,apparent_full_sample,11,13,4,3,0.5481219527349985,0.7752100840336134,0.7857142857142857,0.7647058823529411,31,14,0.45161290322580644,0.7436974789915967,0.7244061890490461,0.39860621,0.39860621,0.39860621,0.39860621,0.39860621,5.0,all_numeric_rows_apparent
predicted_solubility,NetSolP S,leave_one_out,8,16,1,6,0.5620031593698284,0.7563025210084033,0.5714285714285714,0.9411764705882353,31,14,0.45161290322580644,0.7773109243697479,0.704068550497122,0.56243122,0.56243122,0.56243122,0.5620670999999999,0.563229145,5.0,outer_training_fold
predicted_solubility,NetSolP S,leave_one_cluster_out,8,14,3,6,0.4107977295910088,0.6974789915966386,0.5714285714285714,0.8235294117647058,31,14,0.45161290322580644,0.7773109243697479,0.704068550497122,0.56243122,0.56243122,0.56243122,0.50862413,0.563229145,5.0,outer_training_fold
predicted_solubility,NetSolP S,apparent_full_sample,8,16,1,6,0.5620031593698284,0.7563025210084033,0.5714285714285714,0.9411764705882353,31,14,0.45161290322580644,0.7773109243697479,0.704068550497122,0.56243122,0.56243122,0.56243122,0.56243122,0.56243122,5.0,all_numeric_rows_apparent
