candidate_id,mutation_reported_label,reported_sequence_index_1based,region,v3_parent_selection_status,v3_parent_panel_order_not_efficacy_rank,v3_parent_decision_class,plot_disposition,antifold_selection_source,stable_word_effect,netsolp_u_band_v3,netsolp_u_display_grade,netsolp_s_band_v3,netsolp_s_display_grade,nanomelt_tm_band_v3,nanomelt_tm_display_grade
Nb252_expr_seq011_L11Y,Nb252 reported_seq L11Y,11,FR1,selected,1,selected_strong_property_evidence,selected_parent,af3_vhh_only_fallback_for_missing_experimental_coordinates,unchanged,moderate_favorable,1,strong_favorable,2,negligible,0
Nb252_expr_seq030_F30S,Nb252 reported_seq F30S,30,CDR1,selected,2,selected_strong_property_evidence,selected_parent,experimental_complex_context,unchanged,moderate_favorable,1,strong_favorable,2,weak_adverse,0
Nb252_expr_seq086_K86S,Nb252 reported_seq K86S,86,FR3,selected,3,selected_strong_property_evidence,selected_parent,experimental_complex_context,unchanged,weak_favorable,0,moderate_favorable,1,strong_favorable,2
Nb252_expr_seq023_A23R,Nb252 reported_seq A23R,23,FR1,selected,4,selected_moderate_property_evidence,selected_parent,experimental_complex_context,unchanged,moderate_favorable,1,negligible,0,moderate_favorable,1
Nb252_expr_seq005_Q5V,Nb252 reported_seq Q5V,5,FR1,selected,5,selected_strong_property_evidence,selected_parent,experimental_complex_context,unchanged,negligible,0,negligible,0,strong_favorable,2
Nb252_expr_seq049_A49F,Nb252 reported_seq A49F,49,FR2,not_selected,,rejected_high_confidence_expert_risk,high_confidence_expert_risk_exclusion,experimental_complex_context,unchanged,negligible,0,weak_adverse,0,strong_favorable,2
Nb252_expr_seq055_S55G,Nb252 reported_seq S55G,55,CDR2,selected,6,selected_strong_property_evidence,selected_parent,experimental_complex_context,unchanged,negligible,0,negligible,0,strong_favorable,2
Nb252_expr_seq075_K75A,Nb252 reported_seq K75A,75,FR3,selected,7,selected_strong_property_evidence,selected_parent,experimental_complex_context,unchanged,weak_adverse,0,negligible,0,strong_favorable,2
Nb252_expr_seq001_Q1A,Nb252 reported_seq Q1A,1,FR1,not_selected,,rejected_stronger_same_position_selected,competitive_not_selected,experimental_complex_context,unchanged,weak_adverse,0,negligible,0,moderate_favorable,1
Nb252_expr_seq028_I28Y,Nb252 reported_seq I28Y,28,CDR1,not_selected,,rejected_limited_slots_weaker_evidence,competitive_not_selected,af3_vhh_only_fallback_for_missing_experimental_coordinates,unchanged,weak_adverse,0,moderate_favorable,1,negligible,0
Nb252_expr_seq029_F29Q,Nb252 reported_seq F29Q,29,CDR1,selected,8,selected_moderate_property_evidence,selected_parent,af3_vhh_only_fallback_for_missing_experimental_coordinates,unchanged,negligible,0,moderate_favorable,1,negligible,0
Nb252_expr_seq032_Y32L,Nb252 reported_seq Y32L,32,CDR1,not_selected,,rejected_limited_slots_weaker_evidence,competitive_not_selected,experimental_complex_context,unchanged,negligible,0,negligible,0,moderate_favorable,1
Nb252_expr_seq040_A40G,Nb252 reported_seq A40G,40,FR2,not_selected,,rejected_limited_slots_weaker_evidence,competitive_not_selected,experimental_complex_context,unchanged,negligible,0,negligible,0,moderate_favorable,1
Nb252_expr_seq043_K43A,Nb252 reported_seq K43A,43,FR2,selected,9,selected_moderate_property_evidence,selected_parent,experimental_complex_context,unchanged,negligible,0,moderate_favorable,1,weak_favorable,0
Nb252_expr_seq050_S50F,Nb252 reported_seq S50F,50,FR2,not_selected,,rejected_high_confidence_expert_risk,high_confidence_expert_risk_exclusion,experimental_complex_context,unchanged,negligible,0,weak_adverse,0,moderate_favorable,1
Nb252_expr_seq060_A60D,Nb252 reported_seq A60D,60,FR3,not_selected,,rejected_limited_slots_weaker_evidence,competitive_not_selected,experimental_complex_context,unchanged,negligible,0,moderate_favorable,1,negligible,0
Nb252_expr_seq069_I69V,Nb252 reported_seq I69V,69,FR3,not_selected,,rejected_limited_slots_weaker_evidence,competitive_not_selected,experimental_complex_context,unchanged,weak_adverse,0,negligible,0,moderate_favorable,1
Nb252_expr_seq071_R71G,Nb252 reported_seq R71G,71,FR3,not_selected,,rejected_high_confidence_expert_risk,high_confidence_expert_risk_exclusion,experimental_complex_context,unchanged,weak_adverse,0,moderate_favorable,1,negligible,0
Nb252_expr_seq076_N76G,Nb252 reported_seq N76G,76,FR3,selected,10,selected_moderate_property_evidence,selected_parent,experimental_complex_context,unchanged,weak_favorable,0,negligible,0,moderate_favorable,1
Nb252_expr_seq079_Y79T,Nb252 reported_seq Y79T,79,FR3,not_selected,,rejected_limited_slots_weaker_evidence,competitive_not_selected,experimental_complex_context,unchanged,negligible,0,moderate_favorable,1,weak_adverse,0
Nb252_expr_seq083_N83A,Nb252 reported_seq N83A,83,FR3,not_selected,,rejected_limited_slots_weaker_evidence,competitive_not_selected,experimental_complex_context,unchanged,negligible,0,weak_adverse,0,moderate_favorable,1
Nb252_expr_seq096_A96R,Nb252 reported_seq A96R,96,CDR3,not_selected,,rejected_high_confidence_expert_risk,high_confidence_expert_risk_exclusion,experimental_complex_context,unchanged,moderate_favorable,1,negligible,0,weak_adverse,0
Nb252_expr_seq099_T99N,Nb252 reported_seq T99N,99,CDR3,not_selected,,rejected_stronger_same_position_selected,competitive_not_selected,experimental_complex_context,unchanged,negligible,0,moderate_favorable,1,weak_adverse,0
Nb252_expr_seq030_F30N,Nb252 reported_seq F30N,30,CDR1,selected,11,selected_strong_property_evidence,selected_parent,experimental_complex_context,unchanged,strong_favorable,2,moderate_favorable,1,negligible,0
Nb252_expr_seq086_K86A,Nb252 reported_seq K86A,86,FR3,not_selected,,rejected_stronger_same_position_selected,competitive_not_selected,experimental_complex_context,unchanged,negligible,0,moderate_favorable,1,moderate_favorable,1
Nb252_expr_seq075_K75E,Nb252 reported_seq K75E,75,FR3,selected,12,selected_strong_property_evidence,selected_parent,experimental_complex_context,unchanged,negligible,0,negligible,0,strong_favorable,2
Nb252_expr_seq011_L11M,Nb252 reported_seq L11M,11,FR1,selected,13,selected_strong_property_evidence,selected_parent,af3_vhh_only_fallback_for_missing_experimental_coordinates,unchanged,strong_favorable,2,weak_favorable,0,negligible,0
Nb252_expr_seq049_A49M,Nb252 reported_seq A49M,49,FR2,not_selected,,rejected_high_confidence_expert_risk,high_confidence_expert_risk_exclusion,experimental_complex_context,unchanged,negligible,0,negligible,0,strong_favorable,2
Nb252_expr_seq001_Q1D,Nb252 reported_seq Q1D,1,FR1,selected,14,selected_moderate_property_evidence,selected_parent,experimental_complex_context,unchanged,weak_favorable,0,moderate_favorable,1,negligible,0
Nb252_expr_seq023_A23Q,Nb252 reported_seq A23Q,23,FR1,not_selected,,rejected_stronger_same_position_selected,competitive_not_selected,experimental_complex_context,unchanged,moderate_favorable,1,negligible,0,negligible,0
Nb252_expr_seq099_T99F,Nb252 reported_seq T99F,99,CDR3,selected,15,selected_user_directed_stable_word_exploration,selected_parent,experimental_complex_context,gain_only,negligible,0,weak_adverse,0,weak_adverse,0
