v3_double_plan_order_not_efficacy_rank,double_candidate_id,mutation_set,position_a_reported_1based,position_b_reported_1based,pair_experimental_coordinate_status,experimental_pair_ca_distance_a,experimental_pair_minimum_heavy_atom_distance_a,af3_pair_ca_distance_a,af3_pair_minimum_heavy_atom_distance_a,pair_structure_distance_source,pair_ca_distance_a,pair_minimum_heavy_atom_distance_a,pair_spatial_class,pair_shared_local_neighbor_count,pair_shared_local_neighbors,pair_geometry_role,contains_t99f_stable_word_exploration_parent,hard_sequence_risk_flags,machine_structure_triage_status,machine_structure_triage_triggers
1,Nb252_v3_double_L11Y__F30S,L11Y;F30S,11,30,includes_missing_coordinates,,,33.681,31.89182,af3_vhh_only_due_missing_experimental_coordinate,33.681,31.89182,spatially_separated_ca_at_least_10A,0,,wt_structure_triage_not_mutant_effect_prediction,False,,detailed_review_triggered,includes_experimental_missing_coordinate_site
2,Nb252_v3_double_L11Y__K86S,L11Y;K86S,11,86,includes_missing_coordinates,,,11.83514,10.10185,af3_vhh_only_due_missing_experimental_coordinate,11.83514,10.10185,spatially_separated_ca_at_least_10A,0,,wt_structure_triage_not_mutant_effect_prediction,False,,detailed_review_triggered,includes_experimental_missing_coordinate_site
3,Nb252_v3_double_L11Y__A23R,L11Y;A23R,11,23,includes_missing_coordinates,,,20.95972,18.38206,af3_vhh_only_due_missing_experimental_coordinate,20.95972,18.38206,spatially_separated_ca_at_least_10A,0,,wt_structure_triage_not_mutant_effect_prediction,False,,detailed_review_triggered,includes_experimental_missing_coordinate_site
4,Nb252_v3_double_L11Y__Q5V,L11Y;Q5V,11,5,includes_missing_coordinates,,,18.90022,16.39271,af3_vhh_only_due_missing_experimental_coordinate,18.90022,16.39271,spatially_separated_ca_at_least_10A,0,,wt_structure_triage_not_mutant_effect_prediction,False,,detailed_review_triggered,includes_experimental_missing_coordinate_site
5,Nb252_v3_double_L11Y__S55G,L11Y;S55G,11,55,includes_missing_coordinates,,,29.06094,27.91112,af3_vhh_only_due_missing_experimental_coordinate,29.06094,27.91112,spatially_separated_ca_at_least_10A,0,,wt_structure_triage_not_mutant_effect_prediction,False,,detailed_review_triggered,includes_experimental_missing_coordinate_site
6,Nb252_v3_double_L11Y__K75A,L11Y;K75A,11,75,includes_missing_coordinates,,,26.24759,23.31287,af3_vhh_only_due_missing_experimental_coordinate,26.24759,23.31287,spatially_separated_ca_at_least_10A,0,,wt_structure_triage_not_mutant_effect_prediction,False,,detailed_review_triggered,includes_experimental_missing_coordinate_site
7,Nb252_v3_double_L11Y__F29Q,L11Y;F29Q,11,29,includes_missing_coordinates,,,33.95517,31.16409,af3_vhh_only_due_missing_experimental_coordinate,33.95517,31.16409,spatially_separated_ca_at_least_10A,0,,wt_structure_triage_not_mutant_effect_prediction,False,,detailed_review_triggered,includes_experimental_missing_coordinate_site
8,Nb252_v3_double_L11Y__K43A,L11Y;K43A,11,43,includes_missing_coordinates,,,19.85512,18.86229,af3_vhh_only_due_missing_experimental_coordinate,19.85512,18.86229,spatially_separated_ca_at_least_10A,0,,wt_structure_triage_not_mutant_effect_prediction,False,,detailed_review_triggered,includes_experimental_missing_coordinate_site
9,Nb252_v3_double_L11Y__N76G,L11Y;N76G,11,76,includes_missing_coordinates,,,25.97797,22.75858,af3_vhh_only_due_missing_experimental_coordinate,25.97797,22.75858,spatially_separated_ca_at_least_10A,0,,wt_structure_triage_not_mutant_effect_prediction,False,,detailed_review_triggered,includes_experimental_missing_coordinate_site
10,Nb252_v3_double_L11Y__F30N,L11Y;F30N,11,30,includes_missing_coordinates,,,33.681,31.89182,af3_vhh_only_due_missing_experimental_coordinate,33.681,31.89182,spatially_separated_ca_at_least_10A,0,,wt_structure_triage_not_mutant_effect_prediction,False,,detailed_review_triggered,includes_experimental_missing_coordinate_site
11,Nb252_v3_double_L11Y__K75E,L11Y;K75E,11,75,includes_missing_coordinates,,,26.24759,23.31287,af3_vhh_only_due_missing_experimental_coordinate,26.24759,23.31287,spatially_separated_ca_at_least_10A,0,,wt_structure_triage_not_mutant_effect_prediction,False,,detailed_review_triggered,includes_experimental_missing_coordinate_site
12,Nb252_v3_double_L11Y__Q1D,L11Y;Q1D,11,1,includes_missing_coordinates,,,31.49628,28.6043,af3_vhh_only_due_missing_experimental_coordinate,31.49628,28.6043,spatially_separated_ca_at_least_10A,0,,wt_structure_triage_not_mutant_effect_prediction,False,,detailed_review_triggered,includes_experimental_missing_coordinate_site
13,Nb252_v3_double_L11Y__T99F,L11Y;T99F,11,99,includes_missing_coordinates,,,31.67846,29.44363,af3_vhh_only_due_missing_experimental_coordinate,31.67846,29.44363,spatially_separated_ca_at_least_10A,0,,wt_structure_triage_not_mutant_effect_prediction,True,,detailed_review_triggered,contains_user_directed_T99F_exploration|includes_experimental_missing_coordinate_site|includes_hard_interface_shell_site
14,Nb252_v3_double_F30S__K86S,F30S;K86S,30,86,both_observed,34.0811,32.8758,34.48392,33.19061,experimental_complex_vhh,34.0811,32.8758,spatially_separated_ca_at_least_10A,0,,wt_structure_triage_not_mutant_effect_prediction,False,,routine_context_recorded,
15,Nb252_v3_double_F30S__A23R,F30S;A23R,30,23,both_observed,14.1504,12.49865,14.31887,13.207,experimental_complex_vhh,14.1504,12.49865,spatially_separated_ca_at_least_10A,0,,wt_structure_triage_not_mutant_effect_prediction,False,,routine_context_recorded,
16,Nb252_v3_double_F30S__Q5V,F30S;Q5V,30,5,both_observed,17.3903,15.45123,18.19395,16.56361,experimental_complex_vhh,17.3903,15.45123,spatially_separated_ca_at_least_10A,0,,wt_structure_triage_not_mutant_effect_prediction,False,,routine_context_recorded,
17,Nb252_v3_double_F30S__S55G,F30S;S55G,30,55,both_observed,12.69509,11.5298,12.17787,10.52301,experimental_complex_vhh,12.69509,11.5298,spatially_separated_ca_at_least_10A,0,,wt_structure_triage_not_mutant_effect_prediction,False,,routine_context_recorded,
18,Nb252_v3_double_F30S__K75A,F30S;K75A,30,75,both_observed,11.81817,10.72671,11.73234,7.58191,experimental_complex_vhh,11.81817,10.72671,spatially_separated_ca_at_least_10A,0,,wt_structure_triage_not_mutant_effect_prediction,False,,routine_context_recorded,
19,Nb252_v3_double_F30S__F29Q,F30S;F29Q,30,29,includes_missing_coordinates,,,3.83354,1.33278,af3_vhh_only_due_missing_experimental_coordinate,3.83354,1.33278,direct_local_neighborhood_under_4p5A,3,G31;I28;Y32,wt_structure_triage_not_mutant_effect_prediction,False,,detailed_review_triggered,includes_experimental_missing_coordinate_site|sites_share_direct_local_4p5A_neighborhood
20,Nb252_v3_double_F30S__K43A,F30S;K43A,30,43,both_observed,32.41069,30.23269,33.04988,30.852,experimental_complex_vhh,32.41069,30.23269,spatially_separated_ca_at_least_10A,0,,wt_structure_triage_not_mutant_effect_prediction,False,,routine_context_recorded,
21,Nb252_v3_double_F30S__N76G,F30S;N76G,30,76,both_observed,9.0796,6.9463,9.1704,5.03593,experimental_complex_vhh,9.0796,6.9463,nearby_ca_under_10A,0,,wt_structure_triage_not_mutant_effect_prediction,False,,routine_context_recorded,
22,Nb252_v3_double_F30S__K75E,F30S;K75E,30,75,both_observed,11.81817,10.72671,11.73234,7.58191,experimental_complex_vhh,11.81817,10.72671,spatially_separated_ca_at_least_10A,0,,wt_structure_triage_not_mutant_effect_prediction,False,,routine_context_recorded,
23,Nb252_v3_double_F30S__L11M,F30S;L11M,30,11,includes_missing_coordinates,,,33.681,31.89182,af3_vhh_only_due_missing_experimental_coordinate,33.681,31.89182,spatially_separated_ca_at_least_10A,0,,wt_structure_triage_not_mutant_effect_prediction,False,,detailed_review_triggered,includes_experimental_missing_coordinate_site
24,Nb252_v3_double_F30S__Q1D,F30S;Q1D,30,1,both_observed,14.54148,12.03607,15.25104,13.26615,experimental_complex_vhh,14.54148,12.03607,spatially_separated_ca_at_least_10A,0,,wt_structure_triage_not_mutant_effect_prediction,False,,routine_context_recorded,
25,Nb252_v3_double_F30S__T99F,F30S;T99F,30,99,both_observed,10.28655,9.01437,11.07698,10.26071,experimental_complex_vhh,10.28655,9.01437,spatially_separated_ca_at_least_10A,2,D101;Y32,wt_structure_triage_not_mutant_effect_prediction,True,,detailed_review_triggered,contains_user_directed_T99F_exploration|includes_hard_interface_shell_site
26,Nb252_v3_double_K86S__A23R,K86S;A23R,86,23,both_observed,26.03998,23.09523,25.46937,22.7,experimental_complex_vhh,26.03998,23.09523,spatially_separated_ca_at_least_10A,0,,wt_structure_triage_not_mutant_effect_prediction,False,,routine_context_recorded,
27,Nb252_v3_double_K86S__Q5V,K86S;Q5V,86,5,both_observed,24.55344,20.96454,24.57959,21.56229,experimental_complex_vhh,24.55344,20.96454,spatially_separated_ca_at_least_10A,0,,wt_structure_triage_not_mutant_effect_prediction,False,,routine_context_recorded,
28,Nb252_v3_double_K86S__S55G,K86S;S55G,86,55,both_observed,27.17078,23.68663,26.69707,23.94742,experimental_complex_vhh,27.17078,23.68663,spatially_separated_ca_at_least_10A,0,,wt_structure_triage_not_mutant_effect_prediction,False,,routine_context_recorded,
29,Nb252_v3_double_K86S__K75A,K86S;K75A,86,75,both_observed,29.32061,26.17196,30.00372,27.26889,experimental_complex_vhh,29.32061,26.17196,spatially_separated_ca_at_least_10A,0,,wt_structure_triage_not_mutant_effect_prediction,False,,routine_context_recorded,
30,Nb252_v3_double_K86S__F29Q,K86S;F29Q,86,29,includes_missing_coordinates,,,35.47627,32.1895,af3_vhh_only_due_missing_experimental_coordinate,35.47627,32.1895,spatially_separated_ca_at_least_10A,0,,wt_structure_triage_not_mutant_effect_prediction,False,,detailed_review_triggered,includes_experimental_missing_coordinate_site
31,Nb252_v3_double_K86S__K43A,K86S;K43A,86,43,both_observed,16.54693,11.17407,16.56463,11.06537,experimental_complex_vhh,16.54693,11.17407,spatially_separated_ca_at_least_10A,0,,wt_structure_triage_not_mutant_effect_prediction,False,,routine_context_recorded,
32,Nb252_v3_double_K86S__N76G,K86S;N76G,86,76,both_observed,28.71688,26.06945,28.94434,25.93928,experimental_complex_vhh,28.71688,26.06945,spatially_separated_ca_at_least_10A,0,,wt_structure_triage_not_mutant_effect_prediction,False,,routine_context_recorded,
33,Nb252_v3_double_K86S__F30N,K86S;F30N,86,30,both_observed,34.0811,32.8758,34.48392,33.19061,experimental_complex_vhh,34.0811,32.8758,spatially_separated_ca_at_least_10A,0,,wt_structure_triage_not_mutant_effect_prediction,False,,routine_context_recorded,
34,Nb252_v3_double_K86S__K75E,K86S;K75E,86,75,both_observed,29.32061,26.17196,30.00372,27.26889,experimental_complex_vhh,29.32061,26.17196,spatially_separated_ca_at_least_10A,0,,wt_structure_triage_not_mutant_effect_prediction,False,,routine_context_recorded,
35,Nb252_v3_double_K86S__L11M,K86S;L11M,86,11,includes_missing_coordinates,,,11.83514,10.10185,af3_vhh_only_due_missing_experimental_coordinate,11.83514,10.10185,spatially_separated_ca_at_least_10A,0,,wt_structure_triage_not_mutant_effect_prediction,False,,detailed_review_triggered,includes_experimental_missing_coordinate_site
36,Nb252_v3_double_K86S__Q1D,K86S;Q1D,86,1,both_observed,34.64796,31.75479,35.68533,32.72562,experimental_complex_vhh,34.64796,31.75479,spatially_separated_ca_at_least_10A,0,,wt_structure_triage_not_mutant_effect_prediction,False,,routine_context_recorded,
37,Nb252_v3_double_K86S__T99F,K86S;T99F,86,99,both_observed,32.29275,29.4866,31.43969,28.72504,experimental_complex_vhh,32.29275,29.4866,spatially_separated_ca_at_least_10A,0,,wt_structure_triage_not_mutant_effect_prediction,True,,detailed_review_triggered,contains_user_directed_T99F_exploration|includes_hard_interface_shell_site
38,Nb252_v3_double_A23R__Q5V,A23R;Q5V,23,5,both_observed,5.21223,3.61213,5.24949,2.95692,experimental_complex_vhh,5.21223,3.61213,direct_local_neighborhood_under_4p5A,4,C22;L4;Q3;S21,wt_structure_triage_not_mutant_effect_prediction,False,,detailed_review_triggered,sites_share_direct_local_4p5A_neighborhood
39,Nb252_v3_double_A23R__S55G,A23R;S55G,23,55,both_observed,17.96898,17.49609,16.49475,16.00318,experimental_complex_vhh,17.96898,17.49609,spatially_separated_ca_at_least_10A,0,,wt_structure_triage_not_mutant_effect_prediction,False,,routine_context_recorded,
40,Nb252_v3_double_A23R__K75A,A23R;K75A,23,75,both_observed,8.64136,6.28485,7.51962,5.24209,experimental_complex_vhh,8.64136,6.28485,nearby_ca_under_10A,1,N76,wt_structure_triage_not_mutant_effect_prediction,False,,routine_context_recorded,
41,Nb252_v3_double_A23R__F29Q,A23R;F29Q,23,29,includes_missing_coordinates,,,14.02592,11.93217,af3_vhh_only_due_missing_experimental_coordinate,14.02592,11.93217,spatially_separated_ca_at_least_10A,0,,wt_structure_triage_not_mutant_effect_prediction,False,,detailed_review_triggered,includes_experimental_missing_coordinate_site
42,Nb252_v3_double_A23R__K43A,A23R;K43A,23,43,both_observed,26.0543,22.72679,25.79281,22.66806,experimental_complex_vhh,26.0543,22.72679,spatially_separated_ca_at_least_10A,0,,wt_structure_triage_not_mutant_effect_prediction,False,,routine_context_recorded,
43,Nb252_v3_double_A23R__N76G,A23R;N76G,23,76,both_observed,6.81177,4.45241,6.06506,3.85684,experimental_complex_vhh,6.81177,4.45241,direct_local_neighborhood_under_4p5A,1,C22,wt_structure_triage_not_mutant_effect_prediction,False,,detailed_review_triggered,sites_share_direct_local_4p5A_neighborhood
44,Nb252_v3_double_A23R__F30N,A23R;F30N,23,30,both_observed,14.1504,12.49865,14.31887,13.207,experimental_complex_vhh,14.1504,12.49865,spatially_separated_ca_at_least_10A,0,,wt_structure_triage_not_mutant_effect_prediction,False,,routine_context_recorded,
45,Nb252_v3_double_A23R__K75E,A23R;K75E,23,75,both_observed,8.64136,6.28485,7.51962,5.24209,experimental_complex_vhh,8.64136,6.28485,nearby_ca_under_10A,1,N76,wt_structure_triage_not_mutant_effect_prediction,False,,routine_context_recorded,
46,Nb252_v3_double_A23R__L11M,A23R;L11M,23,11,includes_missing_coordinates,,,20.95972,18.38206,af3_vhh_only_due_missing_experimental_coordinate,20.95972,18.38206,spatially_separated_ca_at_least_10A,0,,wt_structure_triage_not_mutant_effect_prediction,False,,detailed_review_triggered,includes_experimental_missing_coordinate_site
47,Nb252_v3_double_A23R__Q1D,A23R;Q1D,23,1,both_observed,13.6637,10.10582,13.72071,9.59967,experimental_complex_vhh,13.6637,10.10582,spatially_separated_ca_at_least_10A,1,Q3,wt_structure_triage_not_mutant_effect_prediction,False,,routine_context_recorded,
48,Nb252_v3_double_A23R__T99F,A23R;T99F,23,99,both_observed,16.46442,13.38,15.95776,13.57979,experimental_complex_vhh,16.46442,13.38,spatially_separated_ca_at_least_10A,0,,wt_structure_triage_not_mutant_effect_prediction,True,,detailed_review_triggered,contains_user_directed_T99F_exploration|includes_hard_interface_shell_site
49,Nb252_v3_double_Q5V__S55G,Q5V;S55G,5,55,both_observed,21.28338,18.74242,20.62072,18.88472,experimental_complex_vhh,21.28338,18.74242,spatially_separated_ca_at_least_10A,0,,wt_structure_triage_not_mutant_effect_prediction,False,,routine_context_recorded,
50,Nb252_v3_double_Q5V__K75A,Q5V;K75A,5,75,both_observed,13.80348,10.42732,12.60879,9.20499,experimental_complex_vhh,13.80348,10.42732,spatially_separated_ca_at_least_10A,0,,wt_structure_triage_not_mutant_effect_prediction,False,,routine_context_recorded,
51,Nb252_v3_double_Q5V__F29Q,Q5V;F29Q,5,29,includes_missing_coordinates,,,17.08723,14.43376,af3_vhh_only_due_missing_experimental_coordinate,17.08723,14.43376,spatially_separated_ca_at_least_10A,0,,wt_structure_triage_not_mutant_effect_prediction,False,,detailed_review_triggered,includes_experimental_missing_coordinate_site
52,Nb252_v3_double_Q5V__K43A,Q5V;K43A,5,43,both_observed,22.29204,19.37784,22.85679,20.35243,experimental_complex_vhh,22.29204,19.37784,spatially_separated_ca_at_least_10A,0,,wt_structure_triage_not_mutant_effect_prediction,False,,routine_context_recorded,
53,Nb252_v3_double_Q5V__N76G,Q5V;N76G,5,76,both_observed,11.60603,8.36623,11.03309,7.72801,experimental_complex_vhh,11.60603,8.36623,spatially_separated_ca_at_least_10A,2,A23;C22,wt_structure_triage_not_mutant_effect_prediction,False,,routine_context_recorded,
54,Nb252_v3_double_Q5V__F30N,Q5V;F30N,5,30,both_observed,17.3903,15.45123,18.19395,16.56361,experimental_complex_vhh,17.3903,15.45123,spatially_separated_ca_at_least_10A,0,,wt_structure_triage_not_mutant_effect_prediction,False,,routine_context_recorded,
55,Nb252_v3_double_Q5V__K75E,Q5V;K75E,5,75,both_observed,13.80348,10.42732,12.60879,9.20499,experimental_complex_vhh,13.80348,10.42732,spatially_separated_ca_at_least_10A,0,,wt_structure_triage_not_mutant_effect_prediction,False,,routine_context_recorded,
56,Nb252_v3_double_Q5V__L11M,Q5V;L11M,5,11,includes_missing_coordinates,,,18.90022,16.39271,af3_vhh_only_due_missing_experimental_coordinate,18.90022,16.39271,spatially_separated_ca_at_least_10A,0,,wt_structure_triage_not_mutant_effect_prediction,False,,detailed_review_triggered,includes_experimental_missing_coordinate_site
57,Nb252_v3_double_Q5V__Q1D,Q5V;Q1D,5,1,both_observed,12.51269,10.18611,12.97125,10.04526,experimental_complex_vhh,12.51269,10.18611,spatially_separated_ca_at_least_10A,1,Q3,wt_structure_triage_not_mutant_effect_prediction,False,,routine_context_recorded,
58,Nb252_v3_double_Q5V__T99F,Q5V;T99F,5,99,both_observed,16.60201,13.76153,16.91207,14.08604,experimental_complex_vhh,16.60201,13.76153,spatially_separated_ca_at_least_10A,0,,wt_structure_triage_not_mutant_effect_prediction,True,,detailed_review_triggered,contains_user_directed_T99F_exploration|includes_hard_interface_shell_site
59,Nb252_v3_double_S55G__K75A,S55G;K75A,55,75,both_observed,13.64157,12.52943,14.50792,12.02193,experimental_complex_vhh,13.64157,12.52943,spatially_separated_ca_at_least_10A,0,,wt_structure_triage_not_mutant_effect_prediction,False,,routine_context_recorded,
60,Nb252_v3_double_S55G__F29Q,S55G;F29Q,55,29,includes_missing_coordinates,,,15.38408,12.01114,af3_vhh_only_due_missing_experimental_coordinate,15.38408,12.01114,spatially_separated_ca_at_least_10A,0,,wt_structure_triage_not_mutant_effect_prediction,False,,detailed_review_triggered,includes_experimental_missing_coordinate_site
61,Nb252_v3_double_S55G__K43A,S55G;K43A,55,43,both_observed,30.47651,27.34216,29.73494,28.05999,experimental_complex_vhh,30.47651,27.34216,spatially_separated_ca_at_least_10A,0,,wt_structure_triage_not_mutant_effect_prediction,False,,routine_context_recorded,
62,Nb252_v3_double_S55G__N76G,S55G;N76G,55,76,both_observed,12.92883,12.6995,12.9011,11.97725,experimental_complex_vhh,12.92883,12.6995,spatially_separated_ca_at_least_10A,0,,wt_structure_triage_not_mutant_effect_prediction,False,,routine_context_recorded,
63,Nb252_v3_double_S55G__F30N,S55G;F30N,55,30,both_observed,12.69509,11.5298,12.17787,10.52301,experimental_complex_vhh,12.69509,11.5298,spatially_separated_ca_at_least_10A,0,,wt_structure_triage_not_mutant_effect_prediction,False,,routine_context_recorded,
64,Nb252_v3_double_S55G__K75E,S55G;K75E,55,75,both_observed,13.64157,12.52943,14.50792,12.02193,experimental_complex_vhh,13.64157,12.52943,spatially_separated_ca_at_least_10A,0,,wt_structure_triage_not_mutant_effect_prediction,False,,routine_context_recorded,
65,Nb252_v3_double_S55G__L11M,S55G;L11M,55,11,includes_missing_coordinates,,,29.06094,27.91112,af3_vhh_only_due_missing_experimental_coordinate,29.06094,27.91112,spatially_separated_ca_at_least_10A,0,,wt_structure_triage_not_mutant_effect_prediction,False,,detailed_review_triggered,includes_experimental_missing_coordinate_site
66,Nb252_v3_double_S55G__Q1D,S55G;Q1D,55,1,both_observed,24.38684,22.84121,24.23702,22.37259,experimental_complex_vhh,24.38684,22.84121,spatially_separated_ca_at_least_10A,0,,wt_structure_triage_not_mutant_effect_prediction,False,,routine_context_recorded,
67,Nb252_v3_double_S55G__T99F,S55G;T99F,55,99,both_observed,17.76868,16.3625,16.57213,15.37128,experimental_complex_vhh,17.76868,16.3625,spatially_separated_ca_at_least_10A,0,,wt_structure_triage_not_mutant_effect_prediction,True,,detailed_review_triggered,contains_user_directed_T99F_exploration|includes_hard_interface_shell_site
68,Nb252_v3_double_K75A__F29Q,K75A;F29Q,75,29,includes_missing_coordinates,,,12.77299,10.69288,af3_vhh_only_due_missing_experimental_coordinate,12.77299,10.69288,spatially_separated_ca_at_least_10A,0,,wt_structure_triage_not_mutant_effect_prediction,False,,detailed_review_triggered,includes_experimental_missing_coordinate_site
69,Nb252_v3_double_K75A__K43A,K75A;K43A,75,43,both_observed,32.32082,28.42031,32.38595,28.70094,experimental_complex_vhh,32.32082,28.42031,spatially_separated_ca_at_least_10A,0,,wt_structure_triage_not_mutant_effect_prediction,False,,routine_context_recorded,
70,Nb252_v3_double_K75A__N76G,K75A;N76G,75,76,both_observed,3.82539,1.33285,3.83679,1.32542,experimental_complex_vhh,3.82539,1.33285,direct_local_neighborhood_under_4p5A,4,A74;D72;N73;T77,wt_structure_triage_not_mutant_effect_prediction,False,,detailed_review_triggered,sites_share_direct_local_4p5A_neighborhood
71,Nb252_v3_double_K75A__F30N,K75A;F30N,75,30,both_observed,11.81817,10.72671,11.73234,7.58191,experimental_complex_vhh,11.81817,10.72671,spatially_separated_ca_at_least_10A,0,,wt_structure_triage_not_mutant_effect_prediction,False,,routine_context_recorded,
72,Nb252_v3_double_K75A__L11M,K75A;L11M,75,11,includes_missing_coordinates,,,26.24759,23.31287,af3_vhh_only_due_missing_experimental_coordinate,26.24759,23.31287,spatially_separated_ca_at_least_10A,0,,wt_structure_triage_not_mutant_effect_prediction,False,,detailed_review_triggered,includes_experimental_missing_coordinate_site
73,Nb252_v3_double_K75A__Q1D,K75A;Q1D,75,1,both_observed,19.06382,15.44599,17.04414,13.05242,experimental_complex_vhh,19.06382,15.44599,spatially_separated_ca_at_least_10A,0,,wt_structure_triage_not_mutant_effect_prediction,False,,routine_context_recorded,
74,Nb252_v3_double_K75A__T99F,K75A;T99F,75,99,both_observed,19.03626,17.3566,18.48523,16.33877,experimental_complex_vhh,19.03626,17.3566,spatially_separated_ca_at_least_10A,0,,wt_structure_triage_not_mutant_effect_prediction,True,,detailed_review_triggered,contains_user_directed_T99F_exploration|includes_hard_interface_shell_site
75,Nb252_v3_double_F29Q__K43A,F29Q;K43A,29,43,includes_missing_coordinates,,,32.49561,29.07173,af3_vhh_only_due_missing_experimental_coordinate,32.49561,29.07173,spatially_separated_ca_at_least_10A,0,,wt_structure_triage_not_mutant_effect_prediction,False,,detailed_review_triggered,includes_experimental_missing_coordinate_site
76,Nb252_v3_double_F29Q__N76G,F29Q;N76G,29,76,includes_missing_coordinates,,,9.888,6.29624,af3_vhh_only_due_missing_experimental_coordinate,9.888,6.29624,nearby_ca_under_10A,1,I28,wt_structure_triage_not_mutant_effect_prediction,False,,detailed_review_triggered,includes_experimental_missing_coordinate_site
77,Nb252_v3_double_F29Q__F30N,F29Q;F30N,29,30,includes_missing_coordinates,,,3.83354,1.33278,af3_vhh_only_due_missing_experimental_coordinate,3.83354,1.33278,direct_local_neighborhood_under_4p5A,3,G31;I28;Y32,wt_structure_triage_not_mutant_effect_prediction,False,,detailed_review_triggered,includes_experimental_missing_coordinate_site|sites_share_direct_local_4p5A_neighborhood
78,Nb252_v3_double_F29Q__K75E,F29Q;K75E,29,75,includes_missing_coordinates,,,12.77299,10.69288,af3_vhh_only_due_missing_experimental_coordinate,12.77299,10.69288,spatially_separated_ca_at_least_10A,0,,wt_structure_triage_not_mutant_effect_prediction,False,,detailed_review_triggered,includes_experimental_missing_coordinate_site
79,Nb252_v3_double_F29Q__L11M,F29Q;L11M,29,11,includes_missing_coordinates,,,33.95517,31.16409,af3_vhh_only_due_missing_experimental_coordinate,33.95517,31.16409,spatially_separated_ca_at_least_10A,0,,wt_structure_triage_not_mutant_effect_prediction,False,,detailed_review_triggered,includes_experimental_missing_coordinate_site
80,Nb252_v3_double_F29Q__Q1D,F29Q;Q1D,29,1,includes_missing_coordinates,,,11.811,9.76931,af3_vhh_only_due_missing_experimental_coordinate,11.811,9.76931,spatially_separated_ca_at_least_10A,0,,wt_structure_triage_not_mutant_effect_prediction,False,,detailed_review_triggered,includes_experimental_missing_coordinate_site
81,Nb252_v3_double_F29Q__T99F,F29Q;T99F,29,99,includes_missing_coordinates,,,9.49357,8.40959,af3_vhh_only_due_missing_experimental_coordinate,9.49357,8.40959,nearby_ca_under_10A,1,Y32,wt_structure_triage_not_mutant_effect_prediction,True,,detailed_review_triggered,contains_user_directed_T99F_exploration|includes_experimental_missing_coordinate_site|includes_hard_interface_shell_site
82,Nb252_v3_double_K43A__N76G,K43A;N76G,43,76,both_observed,29.87951,26.26988,29.74745,25.75284,experimental_complex_vhh,29.87951,26.26988,spatially_separated_ca_at_least_10A,0,,wt_structure_triage_not_mutant_effect_prediction,False,,routine_context_recorded,
83,Nb252_v3_double_K43A__F30N,K43A;F30N,43,30,both_observed,32.41069,30.23269,33.04988,30.852,experimental_complex_vhh,32.41069,30.23269,spatially_separated_ca_at_least_10A,0,,wt_structure_triage_not_mutant_effect_prediction,False,,routine_context_recorded,
84,Nb252_v3_double_K43A__K75E,K43A;K75E,43,75,both_observed,32.32082,28.42031,32.38595,28.70094,experimental_complex_vhh,32.32082,28.42031,spatially_separated_ca_at_least_10A,0,,wt_structure_triage_not_mutant_effect_prediction,False,,routine_context_recorded,
85,Nb252_v3_double_K43A__L11M,K43A;L11M,43,11,includes_missing_coordinates,,,19.85512,18.86229,af3_vhh_only_due_missing_experimental_coordinate,19.85512,18.86229,spatially_separated_ca_at_least_10A,0,,wt_structure_triage_not_mutant_effect_prediction,False,,detailed_review_triggered,includes_experimental_missing_coordinate_site
86,Nb252_v3_double_K43A__Q1D,K43A;Q1D,43,1,both_observed,27.63281,23.9525,29.42539,24.35983,experimental_complex_vhh,27.63281,23.9525,spatially_separated_ca_at_least_10A,0,,wt_structure_triage_not_mutant_effect_prediction,False,,routine_context_recorded,
87,Nb252_v3_double_K43A__T99F,K43A;T99F,43,99,both_observed,25.88316,22.61152,25.13373,21.89394,experimental_complex_vhh,25.88316,22.61152,spatially_separated_ca_at_least_10A,0,,wt_structure_triage_not_mutant_effect_prediction,True,,detailed_review_triggered,contains_user_directed_T99F_exploration|includes_hard_interface_shell_site
88,Nb252_v3_double_N76G__F30N,N76G;F30N,76,30,both_observed,9.0796,6.9463,9.1704,5.03593,experimental_complex_vhh,9.0796,6.9463,nearby_ca_under_10A,0,,wt_structure_triage_not_mutant_effect_prediction,False,,routine_context_recorded,
89,Nb252_v3_double_N76G__K75E,N76G;K75E,76,75,both_observed,3.82539,1.33285,3.83679,1.32542,experimental_complex_vhh,3.82539,1.33285,direct_local_neighborhood_under_4p5A,4,A74;D72;N73;T77,wt_structure_triage_not_mutant_effect_prediction,False,,detailed_review_triggered,sites_share_direct_local_4p5A_neighborhood
90,Nb252_v3_double_N76G__L11M,N76G;L11M,76,11,includes_missing_coordinates,,,25.97797,22.75858,af3_vhh_only_due_missing_experimental_coordinate,25.97797,22.75858,spatially_separated_ca_at_least_10A,0,,wt_structure_triage_not_mutant_effect_prediction,False,,detailed_review_triggered,includes_experimental_missing_coordinate_site
91,Nb252_v3_double_N76G__Q1D,N76G;Q1D,76,1,both_observed,15.64476,12.7522,14.44919,10.67975,experimental_complex_vhh,15.64476,12.7522,spatially_separated_ca_at_least_10A,0,,wt_structure_triage_not_mutant_effect_prediction,False,,routine_context_recorded,
92,Nb252_v3_double_N76G__T99F,N76G;T99F,76,99,both_observed,15.28791,14.83077,14.68086,13.15689,experimental_complex_vhh,15.28791,14.83077,spatially_separated_ca_at_least_10A,0,,wt_structure_triage_not_mutant_effect_prediction,True,,detailed_review_triggered,contains_user_directed_T99F_exploration|includes_hard_interface_shell_site
93,Nb252_v3_double_F30N__K75E,F30N;K75E,30,75,both_observed,11.81817,10.72671,11.73234,7.58191,experimental_complex_vhh,11.81817,10.72671,spatially_separated_ca_at_least_10A,0,,wt_structure_triage_not_mutant_effect_prediction,False,,routine_context_recorded,
94,Nb252_v3_double_F30N__L11M,F30N;L11M,30,11,includes_missing_coordinates,,,33.681,31.89182,af3_vhh_only_due_missing_experimental_coordinate,33.681,31.89182,spatially_separated_ca_at_least_10A,0,,wt_structure_triage_not_mutant_effect_prediction,False,,detailed_review_triggered,includes_experimental_missing_coordinate_site
95,Nb252_v3_double_F30N__Q1D,F30N;Q1D,30,1,both_observed,14.54148,12.03607,15.25104,13.26615,experimental_complex_vhh,14.54148,12.03607,spatially_separated_ca_at_least_10A,0,,wt_structure_triage_not_mutant_effect_prediction,False,,routine_context_recorded,
96,Nb252_v3_double_F30N__T99F,F30N;T99F,30,99,both_observed,10.28655,9.01437,11.07698,10.26071,experimental_complex_vhh,10.28655,9.01437,spatially_separated_ca_at_least_10A,2,D101;Y32,wt_structure_triage_not_mutant_effect_prediction,True,,detailed_review_triggered,contains_user_directed_T99F_exploration|includes_hard_interface_shell_site
97,Nb252_v3_double_K75E__L11M,K75E;L11M,75,11,includes_missing_coordinates,,,26.24759,23.31287,af3_vhh_only_due_missing_experimental_coordinate,26.24759,23.31287,spatially_separated_ca_at_least_10A,0,,wt_structure_triage_not_mutant_effect_prediction,False,,detailed_review_triggered,includes_experimental_missing_coordinate_site
98,Nb252_v3_double_K75E__Q1D,K75E;Q1D,75,1,both_observed,19.06382,15.44599,17.04414,13.05242,experimental_complex_vhh,19.06382,15.44599,spatially_separated_ca_at_least_10A,0,,wt_structure_triage_not_mutant_effect_prediction,False,,routine_context_recorded,
99,Nb252_v3_double_K75E__T99F,K75E;T99F,75,99,both_observed,19.03626,17.3566,18.48523,16.33877,experimental_complex_vhh,19.03626,17.3566,spatially_separated_ca_at_least_10A,0,,wt_structure_triage_not_mutant_effect_prediction,True,,detailed_review_triggered,contains_user_directed_T99F_exploration|includes_hard_interface_shell_site
100,Nb252_v3_double_L11M__Q1D,L11M;Q1D,11,1,includes_missing_coordinates,,,31.49628,28.6043,af3_vhh_only_due_missing_experimental_coordinate,31.49628,28.6043,spatially_separated_ca_at_least_10A,0,,wt_structure_triage_not_mutant_effect_prediction,False,,detailed_review_triggered,includes_experimental_missing_coordinate_site
101,Nb252_v3_double_L11M__T99F,L11M;T99F,11,99,includes_missing_coordinates,,,31.67846,29.44363,af3_vhh_only_due_missing_experimental_coordinate,31.67846,29.44363,spatially_separated_ca_at_least_10A,0,,wt_structure_triage_not_mutant_effect_prediction,True,,detailed_review_triggered,contains_user_directed_T99F_exploration|includes_experimental_missing_coordinate_site|includes_hard_interface_shell_site
102,Nb252_v3_double_Q1D__T99F,Q1D;T99F,1,99,both_observed,10.45842,8.13552,12.58274,9.77133,experimental_complex_vhh,10.45842,8.13552,spatially_separated_ca_at_least_10A,1,Y115,wt_structure_triage_not_mutant_effect_prediction,True,,detailed_review_triggered,contains_user_directed_T99F_exploration|includes_hard_interface_shell_site
