theoretical_pair_order,parent_a_order,parent_b_order,parent_a_mutation,parent_b_mutation,pair_status,structure_triage_status,pair_structure_distance_source,pair_spatial_class,stable_word_effect,hard_sequence_risk_count,contains_t99f
1,1,2,L11Y,F30S,valid_released_for_complete_scoring,detailed_review_triggered,af3_vhh_only_due_missing_experimental_coordinate,spatially_separated_ca_at_least_10A,unchanged,0,False
2,1,3,L11Y,K86S,valid_released_for_complete_scoring,detailed_review_triggered,af3_vhh_only_due_missing_experimental_coordinate,spatially_separated_ca_at_least_10A,unchanged,0,False
3,1,4,L11Y,A23R,valid_released_for_complete_scoring,detailed_review_triggered,af3_vhh_only_due_missing_experimental_coordinate,spatially_separated_ca_at_least_10A,unchanged,0,False
4,1,5,L11Y,Q5V,valid_released_for_complete_scoring,detailed_review_triggered,af3_vhh_only_due_missing_experimental_coordinate,spatially_separated_ca_at_least_10A,unchanged,0,False
5,1,6,L11Y,S55G,valid_released_for_complete_scoring,detailed_review_triggered,af3_vhh_only_due_missing_experimental_coordinate,spatially_separated_ca_at_least_10A,unchanged,0,False
6,1,7,L11Y,K75A,valid_released_for_complete_scoring,detailed_review_triggered,af3_vhh_only_due_missing_experimental_coordinate,spatially_separated_ca_at_least_10A,unchanged,0,False
7,1,8,L11Y,F29Q,valid_released_for_complete_scoring,detailed_review_triggered,af3_vhh_only_due_missing_experimental_coordinate,spatially_separated_ca_at_least_10A,unchanged,0,False
8,1,9,L11Y,K43A,valid_released_for_complete_scoring,detailed_review_triggered,af3_vhh_only_due_missing_experimental_coordinate,spatially_separated_ca_at_least_10A,unchanged,0,False
9,1,10,L11Y,N76G,valid_released_for_complete_scoring,detailed_review_triggered,af3_vhh_only_due_missing_experimental_coordinate,spatially_separated_ca_at_least_10A,unchanged,0,False
10,1,11,L11Y,F30N,valid_released_for_complete_scoring,detailed_review_triggered,af3_vhh_only_due_missing_experimental_coordinate,spatially_separated_ca_at_least_10A,unchanged,0,False
11,1,12,L11Y,K75E,valid_released_for_complete_scoring,detailed_review_triggered,af3_vhh_only_due_missing_experimental_coordinate,spatially_separated_ca_at_least_10A,unchanged,0,False
12,1,13,L11Y,L11M,invalid_same_position,not_applicable,not_applicable,not_applicable,not_applicable,0,False
13,1,14,L11Y,Q1D,valid_released_for_complete_scoring,detailed_review_triggered,af3_vhh_only_due_missing_experimental_coordinate,spatially_separated_ca_at_least_10A,unchanged,0,False
14,1,15,L11Y,T99F,valid_released_for_complete_scoring,detailed_review_triggered,af3_vhh_only_due_missing_experimental_coordinate,spatially_separated_ca_at_least_10A,gain_only,0,True
15,2,3,F30S,K86S,valid_released_for_complete_scoring,routine_context_recorded,experimental_complex_vhh,spatially_separated_ca_at_least_10A,unchanged,0,False
16,2,4,F30S,A23R,valid_released_for_complete_scoring,routine_context_recorded,experimental_complex_vhh,spatially_separated_ca_at_least_10A,unchanged,0,False
17,2,5,F30S,Q5V,valid_released_for_complete_scoring,routine_context_recorded,experimental_complex_vhh,spatially_separated_ca_at_least_10A,unchanged,0,False
18,2,6,F30S,S55G,valid_released_for_complete_scoring,routine_context_recorded,experimental_complex_vhh,spatially_separated_ca_at_least_10A,unchanged,0,False
19,2,7,F30S,K75A,valid_released_for_complete_scoring,routine_context_recorded,experimental_complex_vhh,spatially_separated_ca_at_least_10A,unchanged,0,False
20,2,8,F30S,F29Q,valid_released_for_complete_scoring,detailed_review_triggered,af3_vhh_only_due_missing_experimental_coordinate,direct_local_neighborhood_under_4p5A,unchanged,0,False
21,2,9,F30S,K43A,valid_released_for_complete_scoring,routine_context_recorded,experimental_complex_vhh,spatially_separated_ca_at_least_10A,unchanged,0,False
22,2,10,F30S,N76G,valid_released_for_complete_scoring,routine_context_recorded,experimental_complex_vhh,nearby_ca_under_10A,unchanged,0,False
23,2,11,F30S,F30N,invalid_same_position,not_applicable,not_applicable,not_applicable,not_applicable,0,False
24,2,12,F30S,K75E,valid_released_for_complete_scoring,routine_context_recorded,experimental_complex_vhh,spatially_separated_ca_at_least_10A,unchanged,0,False
25,2,13,F30S,L11M,valid_released_for_complete_scoring,detailed_review_triggered,af3_vhh_only_due_missing_experimental_coordinate,spatially_separated_ca_at_least_10A,unchanged,0,False
26,2,14,F30S,Q1D,valid_released_for_complete_scoring,routine_context_recorded,experimental_complex_vhh,spatially_separated_ca_at_least_10A,unchanged,0,False
27,2,15,F30S,T99F,valid_released_for_complete_scoring,detailed_review_triggered,experimental_complex_vhh,spatially_separated_ca_at_least_10A,gain_only,0,True
28,3,4,K86S,A23R,valid_released_for_complete_scoring,routine_context_recorded,experimental_complex_vhh,spatially_separated_ca_at_least_10A,unchanged,0,False
29,3,5,K86S,Q5V,valid_released_for_complete_scoring,routine_context_recorded,experimental_complex_vhh,spatially_separated_ca_at_least_10A,unchanged,0,False
30,3,6,K86S,S55G,valid_released_for_complete_scoring,routine_context_recorded,experimental_complex_vhh,spatially_separated_ca_at_least_10A,unchanged,0,False
31,3,7,K86S,K75A,valid_released_for_complete_scoring,routine_context_recorded,experimental_complex_vhh,spatially_separated_ca_at_least_10A,unchanged,0,False
32,3,8,K86S,F29Q,valid_released_for_complete_scoring,detailed_review_triggered,af3_vhh_only_due_missing_experimental_coordinate,spatially_separated_ca_at_least_10A,unchanged,0,False
33,3,9,K86S,K43A,valid_released_for_complete_scoring,routine_context_recorded,experimental_complex_vhh,spatially_separated_ca_at_least_10A,unchanged,0,False
34,3,10,K86S,N76G,valid_released_for_complete_scoring,routine_context_recorded,experimental_complex_vhh,spatially_separated_ca_at_least_10A,unchanged,0,False
35,3,11,K86S,F30N,valid_released_for_complete_scoring,routine_context_recorded,experimental_complex_vhh,spatially_separated_ca_at_least_10A,unchanged,0,False
36,3,12,K86S,K75E,valid_released_for_complete_scoring,routine_context_recorded,experimental_complex_vhh,spatially_separated_ca_at_least_10A,unchanged,0,False
37,3,13,K86S,L11M,valid_released_for_complete_scoring,detailed_review_triggered,af3_vhh_only_due_missing_experimental_coordinate,spatially_separated_ca_at_least_10A,unchanged,0,False
38,3,14,K86S,Q1D,valid_released_for_complete_scoring,routine_context_recorded,experimental_complex_vhh,spatially_separated_ca_at_least_10A,unchanged,0,False
39,3,15,K86S,T99F,valid_released_for_complete_scoring,detailed_review_triggered,experimental_complex_vhh,spatially_separated_ca_at_least_10A,gain_only,0,True
40,4,5,A23R,Q5V,valid_released_for_complete_scoring,detailed_review_triggered,experimental_complex_vhh,direct_local_neighborhood_under_4p5A,unchanged,0,False
41,4,6,A23R,S55G,valid_released_for_complete_scoring,routine_context_recorded,experimental_complex_vhh,spatially_separated_ca_at_least_10A,unchanged,0,False
42,4,7,A23R,K75A,valid_released_for_complete_scoring,routine_context_recorded,experimental_complex_vhh,nearby_ca_under_10A,unchanged,0,False
43,4,8,A23R,F29Q,valid_released_for_complete_scoring,detailed_review_triggered,af3_vhh_only_due_missing_experimental_coordinate,spatially_separated_ca_at_least_10A,unchanged,0,False
44,4,9,A23R,K43A,valid_released_for_complete_scoring,routine_context_recorded,experimental_complex_vhh,spatially_separated_ca_at_least_10A,unchanged,0,False
45,4,10,A23R,N76G,valid_released_for_complete_scoring,detailed_review_triggered,experimental_complex_vhh,direct_local_neighborhood_under_4p5A,unchanged,0,False
46,4,11,A23R,F30N,valid_released_for_complete_scoring,routine_context_recorded,experimental_complex_vhh,spatially_separated_ca_at_least_10A,unchanged,0,False
47,4,12,A23R,K75E,valid_released_for_complete_scoring,routine_context_recorded,experimental_complex_vhh,nearby_ca_under_10A,unchanged,0,False
48,4,13,A23R,L11M,valid_released_for_complete_scoring,detailed_review_triggered,af3_vhh_only_due_missing_experimental_coordinate,spatially_separated_ca_at_least_10A,unchanged,0,False
49,4,14,A23R,Q1D,valid_released_for_complete_scoring,routine_context_recorded,experimental_complex_vhh,spatially_separated_ca_at_least_10A,unchanged,0,False
50,4,15,A23R,T99F,valid_released_for_complete_scoring,detailed_review_triggered,experimental_complex_vhh,spatially_separated_ca_at_least_10A,gain_only,0,True
51,5,6,Q5V,S55G,valid_released_for_complete_scoring,routine_context_recorded,experimental_complex_vhh,spatially_separated_ca_at_least_10A,unchanged,0,False
52,5,7,Q5V,K75A,valid_released_for_complete_scoring,routine_context_recorded,experimental_complex_vhh,spatially_separated_ca_at_least_10A,unchanged,0,False
53,5,8,Q5V,F29Q,valid_released_for_complete_scoring,detailed_review_triggered,af3_vhh_only_due_missing_experimental_coordinate,spatially_separated_ca_at_least_10A,unchanged,0,False
54,5,9,Q5V,K43A,valid_released_for_complete_scoring,routine_context_recorded,experimental_complex_vhh,spatially_separated_ca_at_least_10A,unchanged,0,False
55,5,10,Q5V,N76G,valid_released_for_complete_scoring,routine_context_recorded,experimental_complex_vhh,spatially_separated_ca_at_least_10A,unchanged,0,False
56,5,11,Q5V,F30N,valid_released_for_complete_scoring,routine_context_recorded,experimental_complex_vhh,spatially_separated_ca_at_least_10A,unchanged,0,False
57,5,12,Q5V,K75E,valid_released_for_complete_scoring,routine_context_recorded,experimental_complex_vhh,spatially_separated_ca_at_least_10A,unchanged,0,False
58,5,13,Q5V,L11M,valid_released_for_complete_scoring,detailed_review_triggered,af3_vhh_only_due_missing_experimental_coordinate,spatially_separated_ca_at_least_10A,unchanged,0,False
59,5,14,Q5V,Q1D,valid_released_for_complete_scoring,routine_context_recorded,experimental_complex_vhh,spatially_separated_ca_at_least_10A,unchanged,0,False
60,5,15,Q5V,T99F,valid_released_for_complete_scoring,detailed_review_triggered,experimental_complex_vhh,spatially_separated_ca_at_least_10A,gain_only,0,True
61,6,7,S55G,K75A,valid_released_for_complete_scoring,routine_context_recorded,experimental_complex_vhh,spatially_separated_ca_at_least_10A,unchanged,0,False
62,6,8,S55G,F29Q,valid_released_for_complete_scoring,detailed_review_triggered,af3_vhh_only_due_missing_experimental_coordinate,spatially_separated_ca_at_least_10A,unchanged,0,False
63,6,9,S55G,K43A,valid_released_for_complete_scoring,routine_context_recorded,experimental_complex_vhh,spatially_separated_ca_at_least_10A,unchanged,0,False
64,6,10,S55G,N76G,valid_released_for_complete_scoring,routine_context_recorded,experimental_complex_vhh,spatially_separated_ca_at_least_10A,unchanged,0,False
65,6,11,S55G,F30N,valid_released_for_complete_scoring,routine_context_recorded,experimental_complex_vhh,spatially_separated_ca_at_least_10A,unchanged,0,False
66,6,12,S55G,K75E,valid_released_for_complete_scoring,routine_context_recorded,experimental_complex_vhh,spatially_separated_ca_at_least_10A,unchanged,0,False
67,6,13,S55G,L11M,valid_released_for_complete_scoring,detailed_review_triggered,af3_vhh_only_due_missing_experimental_coordinate,spatially_separated_ca_at_least_10A,unchanged,0,False
68,6,14,S55G,Q1D,valid_released_for_complete_scoring,routine_context_recorded,experimental_complex_vhh,spatially_separated_ca_at_least_10A,unchanged,0,False
69,6,15,S55G,T99F,valid_released_for_complete_scoring,detailed_review_triggered,experimental_complex_vhh,spatially_separated_ca_at_least_10A,gain_only,0,True
70,7,8,K75A,F29Q,valid_released_for_complete_scoring,detailed_review_triggered,af3_vhh_only_due_missing_experimental_coordinate,spatially_separated_ca_at_least_10A,unchanged,0,False
71,7,9,K75A,K43A,valid_released_for_complete_scoring,routine_context_recorded,experimental_complex_vhh,spatially_separated_ca_at_least_10A,unchanged,0,False
72,7,10,K75A,N76G,valid_released_for_complete_scoring,detailed_review_triggered,experimental_complex_vhh,direct_local_neighborhood_under_4p5A,unchanged,0,False
73,7,11,K75A,F30N,valid_released_for_complete_scoring,routine_context_recorded,experimental_complex_vhh,spatially_separated_ca_at_least_10A,unchanged,0,False
74,7,12,K75A,K75E,invalid_same_position,not_applicable,not_applicable,not_applicable,not_applicable,0,False
75,7,13,K75A,L11M,valid_released_for_complete_scoring,detailed_review_triggered,af3_vhh_only_due_missing_experimental_coordinate,spatially_separated_ca_at_least_10A,unchanged,0,False
76,7,14,K75A,Q1D,valid_released_for_complete_scoring,routine_context_recorded,experimental_complex_vhh,spatially_separated_ca_at_least_10A,unchanged,0,False
77,7,15,K75A,T99F,valid_released_for_complete_scoring,detailed_review_triggered,experimental_complex_vhh,spatially_separated_ca_at_least_10A,gain_only,0,True
78,8,9,F29Q,K43A,valid_released_for_complete_scoring,detailed_review_triggered,af3_vhh_only_due_missing_experimental_coordinate,spatially_separated_ca_at_least_10A,unchanged,0,False
79,8,10,F29Q,N76G,valid_released_for_complete_scoring,detailed_review_triggered,af3_vhh_only_due_missing_experimental_coordinate,nearby_ca_under_10A,unchanged,0,False
80,8,11,F29Q,F30N,valid_released_for_complete_scoring,detailed_review_triggered,af3_vhh_only_due_missing_experimental_coordinate,direct_local_neighborhood_under_4p5A,unchanged,0,False
81,8,12,F29Q,K75E,valid_released_for_complete_scoring,detailed_review_triggered,af3_vhh_only_due_missing_experimental_coordinate,spatially_separated_ca_at_least_10A,unchanged,0,False
82,8,13,F29Q,L11M,valid_released_for_complete_scoring,detailed_review_triggered,af3_vhh_only_due_missing_experimental_coordinate,spatially_separated_ca_at_least_10A,unchanged,0,False
83,8,14,F29Q,Q1D,valid_released_for_complete_scoring,detailed_review_triggered,af3_vhh_only_due_missing_experimental_coordinate,spatially_separated_ca_at_least_10A,unchanged,0,False
84,8,15,F29Q,T99F,valid_released_for_complete_scoring,detailed_review_triggered,af3_vhh_only_due_missing_experimental_coordinate,nearby_ca_under_10A,gain_only,0,True
85,9,10,K43A,N76G,valid_released_for_complete_scoring,routine_context_recorded,experimental_complex_vhh,spatially_separated_ca_at_least_10A,unchanged,0,False
86,9,11,K43A,F30N,valid_released_for_complete_scoring,routine_context_recorded,experimental_complex_vhh,spatially_separated_ca_at_least_10A,unchanged,0,False
87,9,12,K43A,K75E,valid_released_for_complete_scoring,routine_context_recorded,experimental_complex_vhh,spatially_separated_ca_at_least_10A,unchanged,0,False
88,9,13,K43A,L11M,valid_released_for_complete_scoring,detailed_review_triggered,af3_vhh_only_due_missing_experimental_coordinate,spatially_separated_ca_at_least_10A,unchanged,0,False
89,9,14,K43A,Q1D,valid_released_for_complete_scoring,routine_context_recorded,experimental_complex_vhh,spatially_separated_ca_at_least_10A,unchanged,0,False
90,9,15,K43A,T99F,valid_released_for_complete_scoring,detailed_review_triggered,experimental_complex_vhh,spatially_separated_ca_at_least_10A,gain_only,0,True
91,10,11,N76G,F30N,valid_released_for_complete_scoring,routine_context_recorded,experimental_complex_vhh,nearby_ca_under_10A,unchanged,0,False
92,10,12,N76G,K75E,valid_released_for_complete_scoring,detailed_review_triggered,experimental_complex_vhh,direct_local_neighborhood_under_4p5A,gain_only,0,False
93,10,13,N76G,L11M,valid_released_for_complete_scoring,detailed_review_triggered,af3_vhh_only_due_missing_experimental_coordinate,spatially_separated_ca_at_least_10A,unchanged,0,False
94,10,14,N76G,Q1D,valid_released_for_complete_scoring,routine_context_recorded,experimental_complex_vhh,spatially_separated_ca_at_least_10A,unchanged,0,False
95,10,15,N76G,T99F,valid_released_for_complete_scoring,detailed_review_triggered,experimental_complex_vhh,spatially_separated_ca_at_least_10A,gain_only,0,True
96,11,12,F30N,K75E,valid_released_for_complete_scoring,routine_context_recorded,experimental_complex_vhh,spatially_separated_ca_at_least_10A,unchanged,0,False
97,11,13,F30N,L11M,valid_released_for_complete_scoring,detailed_review_triggered,af3_vhh_only_due_missing_experimental_coordinate,spatially_separated_ca_at_least_10A,unchanged,0,False
98,11,14,F30N,Q1D,valid_released_for_complete_scoring,routine_context_recorded,experimental_complex_vhh,spatially_separated_ca_at_least_10A,unchanged,0,False
99,11,15,F30N,T99F,valid_released_for_complete_scoring,detailed_review_triggered,experimental_complex_vhh,spatially_separated_ca_at_least_10A,gain_only,0,True
100,12,13,K75E,L11M,valid_released_for_complete_scoring,detailed_review_triggered,af3_vhh_only_due_missing_experimental_coordinate,spatially_separated_ca_at_least_10A,unchanged,0,False
101,12,14,K75E,Q1D,valid_released_for_complete_scoring,routine_context_recorded,experimental_complex_vhh,spatially_separated_ca_at_least_10A,unchanged,0,False
102,12,15,K75E,T99F,valid_released_for_complete_scoring,detailed_review_triggered,experimental_complex_vhh,spatially_separated_ca_at_least_10A,gain_only,0,True
103,13,14,L11M,Q1D,valid_released_for_complete_scoring,detailed_review_triggered,af3_vhh_only_due_missing_experimental_coordinate,spatially_separated_ca_at_least_10A,unchanged,0,False
104,13,15,L11M,T99F,valid_released_for_complete_scoring,detailed_review_triggered,af3_vhh_only_due_missing_experimental_coordinate,spatially_separated_ca_at_least_10A,gain_only,0,True
105,14,15,Q1D,T99F,valid_released_for_complete_scoring,detailed_review_triggered,experimental_complex_vhh,spatially_separated_ca_at_least_10A,gain_only,0,True
